-214,-153,-58,88,-295,-558,199,-176,252,206,-41,-831,-653,-462,75,381,-118,-565,15091,7,311,-231,21,-107,165,-78,-204,29,-61,-105,0
-135,-114,265,12,-419,-585,158,-253,49,31,363,-934,-577,-214,142,271,-107,-101,15763,45,268,-27,43,-52,247,-116,-208,22,-10,-74,0
-106,-125,-76,168,-230,-284,4,-122,70,252,155,-471,-490,-184,32,213,1,-260,18128,-28,118,-153,-8,-111,44,-88,-102,32,5,-18,0
-72,-144,238,55,-399,-551,131,-179,126,-20,-115,-1003,-761,-541,109,435,-129,-399,30799,43,80,-87,-8,-250,100,-73,-132,-57,-52,-73,0
-413,-260,7,-2,-541,-790,-275,-463,70,-169,361,-1001,-520,-163,-38,281,-137,-247,25144,338,269,-116,46,-317,265,-130,-212,-233,29,-28,0
-67,-93,84,25,-179,-323,-135,-127,-2,-66,208,-472,-163,-192,-80,89,-106,-251,27089,-5,186,-18,-2,-150,79,-57,-116,-45,38,-79,0
-92,-119,-31,173,-233,-227,-49,-62,13,230,2,-425,-381,-2,62,243,-41,-424,19324,21,38,-37,26,-118,153,-86,-76,22,38,-83,0
-107,-72,-126,149,-205,-284,-166,-185,1,-23,205,-437,-351,-210,39,67,-122,-110,11631,50,173,-24,-10,-71,37,-80,-46,43,-102,10,1
-117,-219,-50,257,-218,-402,228,-147,65,67,-101,-547,-277,-22,196,306,-68,-362,16739,-22,232,-156,-38,-134,139,-119,-114,13,-63,-26,0
-476,-213,-18,301,-403,-394,-42,-144,98,173,-133,-958,-271,-228,-42,232,100,-599,14022,95,98,-208,107,-237,84,-241,-144,-29,22,-91,0
-81,-150,-119,78,-152,-340,-36,-141,96,-55,-209,-362,-427,-4,199,290,1,-350,23507,41,93,-147,4,-81,76,-67,-46,-55,1,19,0
-44,-51,100,207,-146,-221,83,-198,35,-20,11,-535,-386,-64,49,13,-46,-334,20230,-42,191,-55,-29,-175,-3,-123,-99,-18,-57,-76,0
17,-229,79,218,-262,-404,325,-201,6,469,-127,-539,-95,-114,171,99,-102,-540,6476,22,171,-129,-30,-205,36,-109,-101,61,-5,62,1
-144,-199,-157,132,-151,-347,-118,-24,126,-201,-89,-429,-74,-63,327,96,61,-79,22143,2,211,-47,101,11,68,-79,-79,8,31,-24,0
-247,-90,-168,-24,-308,-571,-169,-224,124,-117,-14,-730,-546,-209,115,111,-2,-264,24323,48,253,-73,23,-181,36,20,-75,149,-26,-16,0
-120,-263,-114,255,-342,-396,-412,-153,184,-162,100,-477,-498,-210,-71,217,52,-145,14989,92,67,-52,-32,208,92,-82,-152,-59,-45,-50,0
-81,-150,-85,316,-418,-461,-66,-184,164,-5,46,-470,-383,-225,85,83,-77,-120,18341,71,32,-59,23,-268,-113,-55,-106,63,-10,-83,0
-112,-233,-78,54,-244,-275,-479,-108,136,-86,-190,-309,-497,-106,80,246,-7,-194,12802,-17,161,-76,4,-27,100,-50,-140,-7,-42,-28,0
-273,-326,-76,81,-439,-616,419,-251,165,350,-40,-1249,-863,-125,270,312,-179,-874,25668,172,366,-186,67,-96,6,-93,-215,7,-37,-61,0
-139,-73,-1,283,-264,-400,-330,-168,101,74,19,-743,-239,-83,182,164,-141,-423,11038,37,134,-161,-21,-180,18,-120,-65,97,15,-49,0
-76,-49,-307,308,-376,-649,33,-367,206,-215,19,-1135,-962,-232,208,432,84,-501,16686,183,378,-221,67,-202,238,-124,-161,36,-23,-80,0
-138,-85,215,71,-272,-558,67,-186,87,193,325,-631,-625,-177,-94,222,-1,-140,34207,65,154,-49,-24,-72,39,-104,-40,40,46,-78,0
5,-127,106,268,-210,-535,0,-174,24,506,284,-829,-844,-230,292,172,-59,-323,15267,29,188,-69,74,-217,106,-159,-155,-101,143,-4,0
-88,-105,42,219,-178,-246,328,-148,177,183,-143,-685,-468,-51,233,310,-79,-443,21812,-36,-39,-142,10,-130,-1,-18,-70,-2,2,-9,0
-165,-155,-71,82,-163,-430,100,-109,56,350,204,-524,-599,-188,34,221,-41,-204,18166,-8,115,-95,14,-54,91,-81,-134,22,5,-14,0
-113,-147,-118,243,-127,-398,-249,-228,-37,113,188,-625,-413,-229,0,175,-99,-142,14760,35,134,-33,68,-95,71,-41,-77,-93,-13,-31,0
-74,-323,-11,-36,-319,-503,-139,-120,116,-17,267,-604,-472,-237,59,82,-65,-132,36687,61,231,-65,99,-93,13,-112,-57,-93,-49,-76,0
-20,-207,-50,101,-370,-529,14,-365,153,29,255,-769,-615,-199,233,222,-172,-287,16723,-66,172,-80,18,-182,169,-66,-243,-102,-45,-29,1
7,-100,-57,132,-377,-478,-351,-290,283,247,146,-752,-702,-228,48,180,-141,-233,45490,-26,67,-72,7,-86,76,-55,-177,0,-79,-125,1
-213,-253,136,319,-209,-557,40,-243,119,-131,45,-903,-307,-259,466,298,-93,-517,23903,-38,-14,-191,7,-284,27,-131,-190,-32,9,-35,0
-25,-20,124,325,-396,-464,-221,-390,-1,358,-197,-852,-689,-175,-7,-156,-47,-397,17354,44,286,-73,-11,-272,118,-88,-206,-5,-68,-60,1
-72,-139,-1,392,-323,-510,-350,-202,249,561,275,-785,-326,-47,-96,16,-140,-367,19403,113,227,-9,-13,-289,-25,-141,-114,-16,26,-59,1
-4,-116,-125,241,-191,-411,-31,-240,149,24,19,-669,-664,-311,297,353,-96,-291,17876,21,218,-103,52,-242,134,-105,-207,-42,-59,-39,1
15,-114,2,193,-51,-155,29,-105,42,524,-70,-345,-285,-53,38,-142,-125,-118,26056,-67,121,-69,6,-198,61,-93,-190,-18,-49,-66,1
-318,-192,-95,312,-139,-344,324,-237,105,167,-50,-819,-231,-273,208,99,-126,-534,11980,-81,114,-67,32,-162,175,-20,-109,31,-23,-21,1
-32,-49,49,230,-367,-508,-349,-194,34,-56,147,-840,-657,-240,-15,227,-166,-453,23506,-126,61,-35,45,-94,125,-125,-171,66,-56,-68,1
-124,-79,-37,329,-188,-423,-31,-223,-82,176,226,-1010,-513,-333,30,177,-69,-411,17992,20,371,-68,6,-134,111,-44,-232,-7,-144,-56,1
-135,-186,-70,337,-407,-566,-141,-315,205,320,233,-946,-908,-507,357,180,-91,-867,19666,18,238,-144,-16,-420,249,-148,-134,-7,-97,-118,0
-214,-153,-58,88,-295,-558,199,-176,252,206,-41,-831,-653,-462,75,381,-118,-565,15091,7,311,-231,21,-107,165,-78,-204,29,-61,-105,0
-342,-200,41,328,-224,-427,-656,-292,137,-144,48,-591,-622,-342,294,241,-7,-108,45815,57,422,-185,-48,-181,-4,-132,-2,115,41,-50,0
-87,-248,262,295,-226,-493,367,-452,194,162,207,-960,-622,175,171,-71,-163,-445,20958,21,137,-83,30,81,300,-76,-234,-49,24,-52,0
22,-153,17,276,-211,-250,55,-141,0,500,58,-517,-24,-99,13,-77,-182,-150,25880,41,70,-12,37,-15,49,-52,-120,-23,-37,-70,1
-243,-218,-163,182,-289,-268,-285,-172,52,-134,-140,-321,-439,-149,-56,117,-31,-243,41275,84,178,-172,-14,-271,73,18,-2,16,-23,102,0
-130,-177,-28,266,-170,-326,-222,-93,10,159,-3,-643,-502,-129,-31,247,-100,-498,11195,-20,188,-75,-29,-19,150,-119,-82,-63,-44,-24,0
-256,-249,-410,24,-535,-810,709,-316,27,14,-69,-1014,-906,-193,331,303,-273,-566,21777,182,272,-135,-12,-270,-44,-183,-206,109,-88,-94,1
-62,-23,-7,142,-233,-284,-167,-97,-12,-70,-89,-355,-173,-165,-139,144,-111,-161,28991,67,32,21,-43,-103,26,-86,-137,-68,-10,-29,0
86,-36,-141,252,-201,-384,-420,-197,-60,-468,182,-322,-319,-137,144,-100,-201,-408,42401,9,274,-26,31,-93,115,-84,-228,-12,38,-74,0
-146,-74,170,174,-32,-318,8,-152,-148,17,-100,-373,-139,-234,-103,65,117,-94,27924,-807,-355,-41,7,-1700,-2658,-207,-256,103,-59,-90,0
-187,-187,312,142,114,-148,-184,-133,12,97,-83,-375,-426,-187,23,-34,25,-171,21229,-774,-286,-54,112,-664,-1383,-208,-178,431,-44,-78,0
-56,-43,43,177,-116,-184,-105,-62,0,-40,30,-436,-171,-176,-77,49,7,-70,29189,14,88,-93,2,-137,-99,-127,33,171,-69,-33,0
-55,-44,12,129,-108,-301,-222,-133,136,320,81,-518,-168,-102,57,105,-61,-167,29906,10,-12,-111,78,-194,-52,-80,-71,-17,-61,-103,0
-59,-114,23,146,-171,-227,-73,-126,-6,149,-62,-406,-354,-133,252,198,-103,-336,20288,-55,74,-121,-58,-72,74,-51,-156,22,-56,-55,0
-131,-126,-50,211,-206,-287,-34,-114,62,341,-166,-309,-521,-85,174,161,-93,-333,23462,30,114,-57,13,2,113,-70,-130,-61,-38,-31,0
-154,-136,49,180,-257,-273,141,-123,52,878,-51,-592,-219,-149,-76,391,-11,-190,19457,105,241,-4,43,-44,171,5,-99,-14,80,-49,0
-79,-118,-30,68,-110,-264,-28,-61,40,-217,-52,-247,-454,-11,187,154,0,-322,17499,-5,135,-170,11,-144,123,-101,-154,44,6,-37,0
-76,-98,-153,237,-215,-122,-68,-118,6,208,-25,-430,-348,-79,8,73,-119,-87,24611,27,70,-25,23,0,61,-59,-138,14,-21,-19,0
-34,-144,-17,152,-174,-289,361,-89,87,104,-239,-436,-349,-197,521,274,67,-184,43084,57,62,-22,19,-109,67,-67,-32,-32,-24,4,0
-95,-118,59,270,-229,-383,172,-187,185,157,66,-525,-401,-162,30,337,-162,-213,49419,84,10,-113,82,-208,97,0,-2,-12,5,-74,0
-12,-172,12,172,-137,-205,358,-104,-25,147,-221,-297,-289,-81,155,195,-91,-160,49084,76,35,-78,94,-40,38,-33,-45,-10,-91,-38,0
-21,-13,8,38,-128,-245,409,-102,85,281,-217,-469,-170,14,210,213,16,-109,20658,-84,32,-18,3,-85,-9,-82,-94,9,19,-76,1
-202,-274,59,309,-456,-581,-159,-343,236,-7,-542,-744,-331,-372,159,303,-93,-297,19266,-21,171,-122,-29,-309,273,-177,-226,-54,-71,-1,1
-112,-185,24,170,-197,-400,-215,-227,100,307,48,-677,-504,-98,205,112,-88,-301,37749,30,295,-2,36,-164,177,-64,-76,-50,24,-88,1
-118,-142,212,314,-401,-452,-336,-310,177,-131,-151,-636,-1166,-157,87,314,-107,-345,18595,6,173,-111,-31,-153,159,12,-86,19,-11,12,1
-90,-87,102,319,-283,-385,-726,-271,-12,-104,4,-607,-433,-79,-9,261,123,-427,31068,-23,163,-143,70,-144,132,-57,-162,-129,-110,77,1
-137,-51,-82,178,-135,-320,-13,-11,112,-176,-3,-516,-373,-143,-37,251,-151,-184,38690,-102,104,-43,62,-76,68,-56,-3,-45,37,-47,1
-157,-370,-77,340,-438,-364,-216,-210,-86,253,-188,-238,-531,-188,176,142,-108,-231,58203,-111,61,43,-71,-250,6,71,-80,-52,-34,102,1
-172,-122,38,31,-201,-226,242,-117,-6,179,34,-517,-101,-128,255,-98,-15,-65,31022,-76,133,44,25,-99,1,-20,-179,-50,53,52,1
-47,-442,-21,396,-351,-394,236,-39,95,203,-75,-507,-292,-416,158,307,-175,-656,36915,62,149,-104,-17,-110,39,-56,-93,-15,-8,-26,1
-62,-198,-5,141,-256,-206,-298,-218,-14,100,-125,-688,-399,-212,243,70,-124,-137,22818,2,46,-75,26,76,401,-194,-101,-103,39,-68,1
-58,-217,63,95,-191,-230,-86,-152,-6,-249,-117,-443,-252,-221,-180,-76,-176,-206,39323,-26,73,-104,39,-110,34,6,-167,63,-6,32,1
-161,-215,-46,146,-172,-596,-122,-341,171,-147,-533,-1185,-789,-547,7,328,-86,-457,15689,6,302,-42,25,-285,35,-202,-154,87,-26,-34,1
-48,-531,-124,431,-496,-696,-1038,-441,235,157,-162,-1453,-1013,-317,173,344,-206,-623,41570,94,235,-200,27,-162,189,-51,-127,-84,-18,132,1
-176,-284,-81,9,-294,-493,-393,-141,166,-37,-39,-859,-572,-150,414,331,-143,-291,39538,-104,101,-60,106,-136,157,-88,-134,-32,-88,-85,1
-164,-35,267,409,-459,-391,-40,-328,180,-115,-269,-677,-1309,-36,157,331,-87,134,18865,-31,78,-79,-49,-193,351,48,-7,104,-2,106,1
-7,-122,53,387,-195,-355,-320,-86,-109,223,-362,-142,-655,-33,-13,-15,-122,-196,29360,-252,164,-19,-3,261,191,49,-212,39,-68,8,0
14,97,13,320,-430,-535,-461,-312,13,455,-97,-444,-799,-186,-175,-5,-126,-328,40672,62,94,31,27,-260,113,12,-274,24,-156,-104,1
-467,-253,-40,493,-707,-415,-457,-37,102,-11,-276,-914,-755,-515,-191,151,73,-741,14636,236,200,-209,193,-241,624,-324,-79,30,46,-23,0
8,-40,-57,414,-367,-606,-107,-192,126,76,55,-788,-869,-309,-294,331,-153,-531,17457,-61,227,44,75,-677,-157,-176,-44,12,-134,-20,1
-162,-131,31,321,-244,-781,-52,-262,205,290,400,-1020,-938,-441,358,251,-135,-915,28735,-108,634,-206,-7,-407,152,-128,-214,63,-118,-62,1
-137,-45,236,-109,-138,-662,-256,-484,71,-133,570,-1152,-280,-152,335,123,-186,-111,21984,196,197,-4,8,38,377,-101,-189,-10,-16,-54,0
-41,-161,105,298,-497,-334,-544,-382,84,-476,-265,-296,-826,-346,-55,360,-65,-536,11332,-169,159,-108,-34,-23,-55,152,-63,-75,1,-49,1
-14,-183,-39,28,20,-365,-258,-280,-22,223,125,-895,-638,-238,288,81,-174,-511,41651,204,377,109,93,-530,238,-19,-58,-101,60,-53,1
-255,-367,-307,45,-424,-929,493,-451,141,-235,-335,-1106,-772,-116,319,269,-308,-296,5696,165,118,-177,14,-218,-202,-190,-212,209,-32,7,0
-55,-595,80,435,-187,-490,-13,-23,23,182,-191,-948,-195,-611,285,147,-124,-778,42147,-60,389,-126,37,-202,-44,-104,-196,-109,-15,-33,1
-43,-85,47,32,-220,-431,244,-329,237,-62,325,-510,-389,-199,151,43,-61,-137,34630,102,-62,-20,-20,-311,103,-24,-57,72,17,-36,0
-349,-175,74,330,-395,-757,-60,-214,211,296,304,-1040,-1269,-299,248,410,-200,-916,27300,-190,660,-192,17,-491,115,-170,-325,26,-204,-111,1
-107,-208,44,236,-175,-406,-321,-145,-3,84,8,-572,-67,-87,19,391,-175,-391,14843,-30,-144,-71,8,-195,781,-84,-54,-42,33,-68,0
-183,-214,-18,142,-321,39,-548,-272,29,452,-408,-718,-464,-126,276,53,-131,-70,37607,-162,57,-161,16,428,394,-159,-25,-50,59,-27,1
-137,-132,17,311,-262,-366,101,-251,3,243,304,-493,-326,-267,-79,129,-56,18,24985,-102,-69,-122,-10,14,356,-110,-70,-78,-30,-45,0
-51,103,107,215,-209,-511,-627,-109,27,29,105,-1066,-1133,-216,-264,421,-91,-625,11420,97,157,-37,27,-628,380,-98,-45,146,-17,-24,0
-211,-202,-9,54,-314,-614,430,-39,270,187,45,-747,-822,-402,83,415,-51,-468,11567,35,269,-135,28,-15,-200,-30,-263,12,-70,-120,0
-192,-357,-68,-101,-405,-515,126,-182,327,561,24,-977,-958,-555,62,402,-60,-398,14124,35,444,-276,-29,46,-151,11,-300,83,-16,-105,0
-247,-236,-152,519,-129,-470,472,61,295,-282,-55,-157,-582,66,106,161,-98,-86,5431,-45,69,-217,103,305,8,-150,-16,109,-30,-2,0
-321,-488,-181,-113,-399,-659,-321,-269,213,502,263,-935,-967,-661,60,394,-22,-416,25469,143,532,-391,-123,63,263,1,-253,261,7,-87,1
-96,-146,-124,406,-618,-533,-190,-150,208,524,495,-1508,-1391,-745,204,155,-136,-1031,33656,-21,-45,-177,-20,-605,-212,-160,-100,63,-142,-177,1
-197,-124,-256,104,24,-575,-541,-50,3,-417,-217,-372,-68,-111,691,-36,35,-29,24776,107,85,81,55,-60,-33,-147,-67,117,48,-24,0
-74,135,37,156,-238,-748,-7,-217,3,-172,64,-968,-1202,-181,-303,541,-93,-316,10035,150,74,-50,54,-639,100,-131,55,127,6,-16,1
-229,-342,-273,117,-172,-584,-804,-162,13,-22,179,-453,-428,-306,-183,443,4,112,13649,96,61,-95,65,429,-103,-167,-107,-48,-27,-71,0
-488,-132,122,226,-546,-338,171,-145,201,236,-404,-467,-445,-292,112,-31,72,-535,16438,193,382,-132,138,96,-56,-155,-187,-78,62,-111,0
-126,96,112,281,-325,-811,158,-263,95,-150,42,-770,-1311,-196,-314,574,-116,-666,-882,55,194,78,72,-921,465,-183,7,202,-25,66,1
-287,-248,161,442,-331,-538,357,-162,52,391,-41,-881,-13,-155,504,-13,-203,-425,13321,44,314,13,2,470,349,59,-93,19,-9,-69,1
-10,-142,178,-63,-187,-313,107,-31,216,-347,-177,-315,-457,-97,534,118,24,-376,34368,62,40,-102,76,-346,661,-114,-160,-39,23,-12,0
-235,-403,-249,140,-94,-557,-1438,-186,61,399,347,-588,-372,-337,-31,424,54,172,25709,104,166,-187,34,664,-106,-230,-140,-11,-12,15,0
-205,-44,-49,377,-87,-91,665,-141,201,-60,-342,-906,-181,-140,-30,360,-21,-375,22135,-41,-183,-124,-7,-126,-228,5,-56,-55,-11,-65,0
75,-227,105,362,-187,-84,289,-239,19,88,-728,-12,-531,-177,16,118,-26,7,70378,161,70,-119,106,-288,599,44,94,-55,-124,-39,0
-205,-337,357,300,-288,-152,160,-427,212,-11,-329,-526,-1156,-100,359,385,-50,-302,28869,162,222,-76,3,124,114,-10,-86,-109,-14,124,1
-107,-515,-233,451,-457,-331,-120,-299,51,141,173,-463,-293,-148,230,126,-8,-348,86199,-37,161,-82,-77,-576,177,97,-124,-85,-24,119,1
-90,61,80,344,-167,-423,-615,-34,18,-158,39,-824,-1211,-248,-352,208,-52,-827,-9303,-7,126,92,49,-413,663,-61,32,168,-26,88,1
-71,-25,-143,446,-160,-795,115,-316,220,799,345,-1435,-1139,-508,473,393,-144,-938,32931,15,531,-123,-31,-183,181,-6,-294,8,-75,-34,1
-29,76,30,454,-231,-702,-300,-294,99,866,229,-1665,-1191,-180,430,553,-151,-855,32458,365,542,-156,63,-198,380,-89,-206,-97,-26,-15,0
-56,-24,-150,160,-110,252,106,-64,252,376,12,-396,-357,32,155,174,-101,27,31425,61,25,5,17,-160,-27,-97,-187,5,-74,-26,1
-105,-26,-103,364,-26,-755,-283,-267,54,539,234,-1701,-1143,-293,394,661,-213,-1119,12741,715,724,-137,33,187,523,7,-230,-261,-4,80,1
-179,-30,214,-125,-48,-241,-50,-149,140,-374,108,-375,-312,5,216,-45,-84,10,37256,-133,176,8,22,-302,99,7,-78,-111,15,-91,0
-62,-169,-16,223,-44,-253,571,-74,-76,437,-274,23,-394,150,40,411,-194,-353,55488,-12,-56,-179,87,-381,419,64,-43,-98,-142,-99,0
-88,-265,-99,130,-176,-274,337,-44,220,127,-81,-1031,-377,-149,150,421,-90,-440,8476,131,337,-143,-18,-285,-655,125,14,56,83,0,0
-190,-437,-191,337,-427,-402,-225,-85,2,523,-162,-53,-414,-193,242,-135,-42,-593,51080,83,42,142,-53,-221,651,43,-70,-117,-44,17,1
36,-200,96,634,-130,-378,-547,-58,-195,-227,-342,-136,-733,-39,-222,-307,-132,-143,23901,-485,220,152,-2,152,-61,31,-315,77,-119,36,0
-93,-110,380,392,-185,-577,-293,-373,191,-487,-553,-743,-929,-49,-26,-70,-156,-389,15427,223,225,-91,-37,-42,-401,-58,-18,25,18,1,1
-102,-119,106,235,109,-412,112,-74,-204,75,-225,-521,-266,-602,-40,-66,277,-41,25723,-568,-418,-75,-8,-1843,-2780,-191,-209,46,34,-85,0
-129,-274,-329,199,109,-582,-353,-139,-28,-179,117,-491,-156,-45,768,-107,-6,-225,16573,-22,140,35,-1,24,563,-104,-58,67,62,-23,0
-173,30,-43,236,-150,-369,-589,10,-155,102,144,-996,-1249,-104,-348,672,-26,-775,14660,145,341,-2,33,-915,162,-53,-183,180,-15,-44,0
-200,-164,69,28,-319,-174,336,-208,-113,175,-303,-249,-386,-78,727,-166,-38,-190,22023,-327,21,72,36,-19,289,-17,-143,-25,33,134,1
-258,-127,97,70,-706,-675,-257,-511,-17,185,431,-1260,44,-87,-360,390,-82,-569,9234,489,73,-60,100,-397,-81,-109,-302,-308,3,-66,0
-110,-369,-140,188,-247,-359,-249,-369,139,161,87,-414,-677,-306,142,354,-45,-192,21971,166,234,-25,55,-572,-205,-73,-249,-119,-90,35,0
-33,-70,-315,299,62,-703,-358,-270,-29,528,199,-1778,-725,-316,362,542,-205,-701,19278,724,600,-156,54,-17,115,121,-267,-422,-70,55,1
90,-113,158,55,-320,-648,-257,-209,-181,-12,457,-415,-205,-180,-88,273,-118,-90,17688,54,320,29,60,-126,334,-79,-32,-237,19,-69,0
-118,-163,-8,217,-371,-566,477,-279,47,193,160,-248,-337,-251,16,157,-162,-147,20696,-13,-264,-47,-38,-275,944,-130,-52,-195,8,-55,0
-123,-123,127,-1,-121,-268,-226,-48,-85,325,277,-570,186,-258,213,-120,-24,118,52569,-94,343,106,93,-237,915,-28,-183,-152,149,-41,0
-314,-159,-55,362,-198,-459,124,-132,136,237,-123,-527,-677,-209,-322,313,-96,-648,57589,336,-71,-29,85,-172,508,-57,-59,-90,48,-163,0
10,-2,557,384,-287,-416,-29,-281,285,-594,-568,-580,-421,-5,-105,-92,-275,-233,6449,82,170,-27,-94,-6,-326,-124,-120,-2,-57,-47,1
-581,-244,-3,617,-745,-528,-465,-83,87,-222,-374,-800,-640,-541,-121,112,160,-481,28085,109,-141,-184,231,-569,715,-383,-134,50,76,-49,0
-18,-601,146,224,-322,-247,560,-164,150,437,-209,-556,-101,-482,63,494,-207,-407,29955,95,154,-145,17,-59,-136,-95,-118,44,-66,-93,1
117,-108,22,319,-8,-56,-123,-28,23,-151,-137,-365,-38,-72,-172,159,-36,-603,29127,86,200,-100,-29,-159,-2,-57,-139,229,8,-62,0
54,-391,-169,150,-309,-558,241,-273,204,155,-337,-138,-155,-317,390,111,-20,-380,10971,-59,-59,-224,-70,-360,-37,-80,10,-19,46,56,0
-59,-421,89,422,-530,-488,-542,-366,260,-49,239,-969,-1138,-452,160,213,-107,-784,18845,-121,-52,-347,-47,-501,379,-127,-55,-9,-33,-53,1
-225,-179,-3,425,-335,-655,157,-107,95,128,-131,-135,-444,-239,317,278,-57,-522,27943,0,454,-275,-54,-124,635,-211,-20,51,-42,-14,0
5,-56,208,100,-334,-543,-543,-82,36,-65,-58,-269,-403,-91,-141,5,-145,176,25272,100,314,-5,-90,59,120,-174,-183,-97,-47,-116,0
-355,-299,12,-29,-454,-684,699,-220,236,193,239,-1615,-737,-112,181,404,-167,-663,20586,243,341,-118,10,-24,120,47,-146,-71,-51,-99,0
-90,45,106,401,-144,-223,-92,-56,16,-31,377,-553,-274,-102,-323,22,-81,-195,23043,11,-50,19,-45,175,-501,-121,-131,-124,14,-84,0
-149,-225,-218,-172,-290,-170,143,-329,-171,81,230,-606,-628,-202,316,-117,-172,11,27311,175,-93,-54,63,-25,-557,-112,-34,-1,48,-26,0
-195,-119,-11,416,-236,-1074,-105,-332,337,153,494,-1251,-1083,-337,474,411,-118,-957,23807,-168,728,-245,-22,-211,453,-156,-157,26,-123,-44,1
-228,0,50,285,-279,-259,-812,-230,-73,177,-449,-474,-731,-195,-142,-243,-128,-285,43388,-236,89,-87,17,432,839,151,-176,6,-134,41,1
-243,48,272,585,-423,-443,27,-381,173,-185,-368,-769,-1181,-63,99,492,-33,112,-258,-8,-160,-24,-50,-17,-112,-34,-33,93,-55,67,1
-391,-348,-9,181,-154,-643,-365,-167,-53,277,134,-984,-554,-201,639,241,-61,-710,36361,-92,67,-206,-4,-238,230,-159,-245,35,25,-87,1
-226,-420,-359,103,-466,-806,579,-316,262,-101,-452,-1353,-905,-22,85,399,-225,-410,1751,450,153,-257,84,-480,-392,-229,-322,196,-27,28,0
-271,25,-410,254,-315,-622,236,-227,238,-172,-391,-1015,-956,-309,297,487,187,-665,21815,-46,353,-105,87,-433,620,-157,-144,-60,81,-73,0
-317,-98,-32,227,-133,-199,151,12,107,-179,-163,-382,-103,-29,-171,382,-79,-284,38196,25,-63,-155,42,-236,-1,-132,-35,-31,53,-20,1
95,-34,29,29,-100,-321,324,-384,304,-549,168,-423,-95,-7,15,-66,-55,4,52904,-157,-50,-11,5,172,718,-35,25,16,4,47,0
-278,-224,-47,318,-374,-523,177,-170,138,-7,101,-1339,424,-141,380,10,-277,-399,14061,-184,276,-19,10,227,193,8,-152,103,-37,18,1
7,-118,10,272,-592,-371,-867,-432,148,-697,-215,-72,-769,-490,-139,386,-192,-800,17565,-58,143,-176,-89,-174,-373,145,-53,-156,-42,-81,1
67,-215,-128,251,-162,-205,-10,-192,-152,167,-133,62,-513,-157,22,-16,-138,-215,34032,-398,71,80,-41,-20,96,-3,-256,-84,3,12,0
-236,-299,26,203,-168,-686,624,-160,241,97,-36,-340,-454,-302,98,15,-198,-390,43089,-95,508,-304,-49,-375,789,-197,-32,51,-26,-47,0
-87,-81,-90,200,-248,-50,-153,-59,101,28,-107,-256,-410,-101,314,115,-100,72,36736,205,151,-286,17,244,-184,-86,-127,24,16,-95,0
-113,68,-183,297,110,-580,-12,-440,56,939,-215,-1433,-1086,-274,279,775,-212,-1262,8219,679,700,-46,6,251,468,8,-184,-152,-16,132,1
-129,-233,285,33,-35,-112,-380,-90,-112,244,335,-264,38,-344,342,-314,-18,93,46300,142,183,194,146,-379,1082,-28,-166,-202,91,-31,1
-260,-76,-50,288,-168,-824,125,-118,230,201,-236,-809,-747,-524,9,237,-189,-344,17155,7,280,-349,53,-72,-164,-53,-232,32,-114,-68,0
-212,-242,102,258,-354,-252,-499,-318,-125,-443,56,-742,-295,-112,427,192,188,-225,12752,25,70,-267,80,-289,404,0,-162,-156,-152,103,1
135,-223,-92,188,27,18,-153,-161,39,799,-129,95,-34,-4,108,102,-79,-193,25481,-95,123,5,0,-127,410,-62,-233,-174,-79,-131,1
-233,-213,24,269,-580,-627,-477,-277,166,62,-525,-874,-379,-148,202,193,-65,-350,2859,32,290,-172,-71,-639,153,-211,-179,-1,-22,-4,1
-125,-98,-119,157,-184,-217,27,-233,-85,463,12,-633,-781,-465,-209,153,29,292,35519,60,-116,-54,-11,-195,434,-72,-102,-160,-97,-30,0
-74,-130,-14,68,-196,-263,-113,-166,51,171,546,-614,213,7,254,-31,-119,140,41201,-82,12,-25,21,193,-211,23,-75,-34,36,65,1
-481,-30,244,109,-367,-455,100,-168,202,164,-542,-38,-342,-366,-19,-67,161,-717,14407,243,336,-176,184,51,-251,-270,-193,-213,145,-93,0
-54,-126,23,37,-177,-284,69,-75,22,-436,-288,-152,-442,-134,327,107,-113,-529,6972,267,57,-206,66,-335,-223,-70,-98,-144,-35,-2,0
-303,-108,332,75,-154,-456,570,-184,203,289,-736,187,-378,-349,-85,203,199,-758,4639,157,356,-131,175,697,-137,-221,-231,-88,149,-11,0
-72,-121,128,364,-509,-693,411,-446,253,244,-593,-638,-1281,75,119,186,-95,135,29524,-213,-100,47,-70,-274,1581,4,51,123,68,78,1
-114,-31,53,376,-7,-458,38,-36,65,226,178,-389,-109,-216,278,39,-316,-184,836,-116,266,-50,3,-407,-208,-183,-64,70,-31,-163,0
-394,-289,310,268,-261,-470,374,-193,50,438,29,-789,73,79,357,142,-224,-400,20465,298,347,-19,11,557,436,-30,-21,-57,56,-104,1
91,-14,105,225,-4,-424,-588,-10,-64,-16,-79,-807,-1570,-378,-529,351,-54,-814,-145,318,248,102,71,-592,842,-76,6,74,-104,33,1
20,-147,-105,-71,-156,-443,-97,-173,105,73,759,-103,70,9,190,-257,-51,-213,38283,-69,39,13,54,-84,-576,14,-47,36,43,68,1
-170,-46,30,-14,-202,-359,772,26,-53,78,-328,-416,-883,-67,43,233,-61,-240,53381,-69,-23,-138,46,143,279,39,-67,3,-70,-86,0
76,-72,-237,54,-271,-162,30,-242,-130,-363,-366,-450,104,-268,100,122,-194,-167,34700,-173,175,-147,20,89,339,-68,-69,106,32,34,1
-59,-40,-44,128,28,-368,-383,-153,251,-283,-227,-442,-349,-295,1,151,-92,134,49812,-263,167,13,21,101,-103,25,118,-41,60,-109,1
-449,-134,152,637,-370,-429,-593,-243,263,-71,-398,-868,-1433,69,35,743,42,380,-9552,-117,-139,-99,-61,-86,-901,-125,-88,172,-45,83,1
-150,305,-21,-9,-299,-685,-155,-407,-61,-153,-13,-1093,-944,-290,-385,662,-85,-658,28644,-29,305,-1,86,-593,-133,-248,41,89,-38,79,0
-262,90,150,-153,-363,-243,576,171,-215,119,-445,-175,-1363,-138,58,86,-78,229,40383,-437,114,-75,80,204,455,-10,-133,230,-135,-76,0
-16,-240,-4,70,-305,-270,462,-179,59,269,-310,-592,-233,-132,331,362,-9,-260,30178,-62,105,-191,-95,-96,-420,-124,-24,39,17,20,0
87,21,247,144,-136,-469,786,-290,13,422,-385,-331,-495,-23,335,56,63,-4,17192,-157,-212,97,65,-118,-61,-200,-153,-45,16,-105,1
-5,-772,186,381,72,-736,-415,-185,58,-13,-56,-1382,123,-600,229,358,-137,-994,44381,45,491,-62,42,-408,251,-165,-281,-211,-67,-6,0
-197,-312,-64,55,-403,-491,-910,-362,161,-234,-959,-863,-1405,-378,-49,195,-277,-245,25322,24,103,-100,-16,-236,209,-186,-153,53,63,15,1
18,-5,-11,89,-398,-19,363,-48,24,133,-105,-241,-619,-81,172,94,-206,96,47782,166,-56,-238,37,-48,-641,-47,-204,-9,0,-174,0
9,-230,90,169,-429,-204,-213,-143,181,-28,-364,-1048,-160,-143,104,758,-14,-341,20642,-1,268,-245,-89,-113,-638,-140,-94,108,3,28,0
75,-246,122,427,-635,-396,-804,-329,84,93,330,-850,-1244,-342,69,176,-48,-878,18296,48,-166,-329,-47,-393,699,-159,-8,62,101,-30,1
-135,-244,39,-19,-187,-434,-358,-341,112,398,168,-284,-1136,-292,25,363,-45,11,7144,56,92,14,-12,-348,-128,-110,-183,-88,-180,77,1
-49,-24,16,375,-179,-349,-624,-256,36,282,415,-606,-460,-347,-176,344,-244,-186,49170,-57,243,-12,11,-86,-677,-215,-201,121,-17,-83,0
-31,36,-149,209,-211,-491,-228,-320,-85,145,121,-371,69,117,-60,408,-367,-432,13368,267,-90,-164,-12,-110,1237,-52,43,-150,22,-98,1
-271,-121,58,144,-225,-457,160,-23,-132,170,-186,-953,-272,303,149,229,-28,-345,37588,83,183,21,-29,127,-18,-24,-140,-1,93,-123,0
-135,192,268,588,-560,-478,612,-292,46,161,-344,-238,-1063,202,309,328,-69,256,-289,11,-126,-28,-120,36,105,-67,-13,17,-103,36,1
51,-48,29,153,97,-134,-621,33,0,-473,-12,-182,232,171,-183,-231,26,-214,26015,215,280,-61,-28,-37,125,-83,-32,94,-18,-99,0
-162,-203,-37,466,-511,-670,-26,-138,178,452,321,-1466,-835,-493,392,271,-82,-1008,35504,80,189,-186,11,-248,-47,-76,-114,28,-158,-160,1
-142,-39,-257,63,-5,52,88,3,301,127,-24,-204,-166,-98,348,69,-137,-96,32418,121,278,98,-10,-205,275,-158,-154,66,-17,-55,1
-47,-123,-177,-103,-191,-103,-316,-123,19,-110,308,-440,399,-3,216,-156,-33,-29,55446,-264,-178,-82,53,462,-723,-64,-76,-71,56,134,1
-312,-386,97,32,-574,-750,485,-327,255,205,217,-1519,-846,-157,292,349,-246,-629,21095,194,250,-152,-4,-123,-15,43,-113,68,21,-70,0
-532,-72,-82,297,-103,-445,30,-259,135,56,-283,-620,-368,-325,-265,124,158,-653,18314,2,192,-214,115,-7,90,-298,-150,-61,-54,-110,0
-125,-147,228,-46,-194,32,-782,-206,6,267,-685,-979,-249,-163,366,-219,-99,-135,62983,-160,144,-121,7,232,488,-158,-65,-77,76,23,0
21,22,107,393,-591,-661,681,-612,272,524,-684,-227,-1298,156,12,-4,-200,290,41122,10,-188,49,-99,-387,1284,90,32,161,12,114,1
112,-66,-226,-25,-226,-38,-155,-113,-56,207,234,-412,358,-182,-101,-265,45,-17,59913,-541,-121,-33,112,446,-302,-34,33,-5,110,177,1
-83,-87,42,263,-387,-532,884,-576,305,217,-815,-79,-1054,200,24,-92,-300,92,37890,-81,-221,12,-122,-473,1806,101,21,173,109,115,1
-299,-140,-49,251,80,-337,318,-95,19,30,95,-597,-510,90,93,261,-102,-399,10155,73,-7,-113,22,-235,564,-82,-173,-142,-69,-27,0
-270,-186,74,61,-480,-603,279,-129,274,284,-278,-1715,-450,-315,-79,562,-300,-717,20982,443,460,-219,-33,-157,113,-1,-130,-177,16,-127,0
50,-126,83,1,-2,-345,-590,-141,28,132,10,-793,-424,-375,424,-23,-108,-511,45039,41,393,113,88,-882,728,20,82,-110,139,-14,1
114,-267,113,287,-431,-567,60,-587,14,573,-259,-829,-562,-117,-99,-85,157,-427,15731,-7,278,-12,71,-788,-210,-162,-117,55,-65,-1,1
-192,-290,-54,284,-455,-493,21,-271,327,121,61,-1220,-1279,-475,412,276,-160,-748,43866,-121,128,-108,28,-634,1095,-114,-273,16,-57,-73,1
103,-461,103,518,-126,-414,600,75,54,-33,-173,-839,79,-441,360,192,-151,-739,49117,57,566,-154,25,-532,-158,-181,-236,-228,-57,-16,1
-72,-146,-57,64,-163,-184,-772,0,289,367,-283,-578,-591,-142,80,112,-66,-79,32019,86,295,-17,50,-90,46,64,-230,155,-59,35,0
-409,-574,46,76,-176,-526,-273,-254,-102,518,130,-1189,-882,-130,555,222,-131,-652,38344,166,410,-158,-65,-260,183,-132,-163,131,60,-9,1
-454,162,235,161,-427,-431,-199,-92,211,154,-567,-452,-656,-244,-8,-3,98,-843,26802,345,232,-110,232,-165,-508,-281,-207,-375,162,-131,0
-165,-206,290,-226,-328,18,-938,-179,257,476,-525,-1110,-311,-310,150,-112,-127,80,66205,-20,77,-116,-76,286,15,-182,-160,-116,105,64,0
56,-803,21,448,-111,-583,-636,-143,-106,410,-85,-1330,697,-521,306,478,-56,-1202,43686,112,406,-141,12,-624,257,-141,-274,-281,-26,12,1
-48,-237,115,107,-463,29,-453,-262,192,23,-52,-831,-827,-134,61,-128,-164,-307,39453,223,257,-105,53,203,-229,-125,-74,-42,65,9,1
-124,134,321,160,-240,-665,-695,-142,-24,153,178,-1352,-611,-161,-319,405,-151,-658,12661,-75,179,131,41,-767,335,-67,-87,102,11,-42,1
-51,-389,-2,193,-420,95,315,-143,262,576,-365,-1407,-237,-187,157,548,-125,-439,-9141,57,201,-158,-38,-157,-552,102,72,-36,133,34,0
-210,-112,453,-326,-231,42,-483,-179,394,470,-597,-1033,-207,-240,228,-231,-115,132,59146,-33,10,-153,-106,-7,340,-108,-200,-115,100,169,1
35,-154,-34,200,55,-386,184,-158,-280,-158,-515,-724,-482,-797,4,19,184,0,35169,-420,-120,-48,3,-1662,-3218,-231,-347,-10,121,-17,0
-49,-88,19,167,-66,-345,45,-26,-11,136,27,-39,-162,-129,289,276,-154,-35,838,-40,-21,-10,-69,-129,-394,-13,-133,-79,52,-98,0
-130,-124,-215,120,-211,-299,105,36,24,544,114,-490,-75,-219,-23,269,-75,-372,11197,-223,147,-209,87,319,-175,-4,-58,-101,11,52,0
-220,-72,-17,253,-258,-414,15,-91,179,135,371,-882,-155,-262,348,318,-41,-87,10171,92,13,-266,-57,-333,347,4,-77,171,-20,-12,0
-162,-302,-213,76,-214,-465,-446,-191,238,-101,-5,-550,-493,-198,61,-42,133,12,6008,312,85,-128,-97,190,-191,-97,-208,-42,83,-95,0
-145,-75,88,311,-16,-693,-438,-357,196,315,160,-1412,-1617,-379,717,630,-173,-1219,11409,496,821,-153,66,-174,564,96,-155,-321,-20,223,1
-51,-343,-70,-11,-266,-177,739,-157,-169,418,-186,-630,-244,-206,467,204,-74,-425,17311,-151,45,-160,-82,-21,-514,-158,-109,157,-4,29,0
-95,-132,-233,293,-148,-471,-24,-221,143,399,-163,213,-247,47,135,299,-157,-29,12715,141,106,-73,12,-8,-395,22,-81,-161,-21,-24,0
-204,-109,103,64,-169,-318,227,-15,78,-36,-15,-346,-200,30,-457,470,-228,-293,28293,-199,29,-180,26,-152,-58,-115,118,11,69,-36,1
-103,-16,-11,442,-391,-674,-243,-303,288,267,95,-522,-1254,-435,284,157,68,-875,24416,-144,203,8,-8,-546,-111,-193,-200,-46,-143,-54,1
-181,-332,-56,244,-199,-293,-389,-429,35,166,168,-538,-733,-139,164,389,-135,-517,15495,91,225,-8,123,-630,-930,-139,-291,-56,-114,71,1
-68,-390,-184,39,-436,-661,364,-303,152,241,235,-1308,-1130,-79,351,158,-7,-1184,12806,-171,393,-139,-9,-178,-948,-108,-155,-3,-55,-110,0
102,-175,-21,264,-197,-267,580,-156,107,-109,-261,-548,-375,-98,456,255,136,-412,46274,322,138,-69,9,79,-351,-173,-8,96,-5,-25,0
-53,-148,68,85,-351,-512,420,-158,73,1284,-90,-436,-135,-294,-193,433,-138,-419,21624,126,310,39,71,-405,669,-28,-159,74,56,8,0
-75,96,417,577,-433,-446,-368,-230,355,-572,-530,-489,-760,84,-196,-323,-148,-243,-462,42,87,-104,-110,274,-1228,-120,-227,-6,52,-94,1
37,-141,-32,192,-107,-139,774,-133,61,76,-218,-290,-179,116,-9,230,-135,-293,44592,-21,74,-9,147,-160,-411,-93,7,-136,-2,-54,0
-216,-287,20,105,-657,-388,295,-64,362,259,-762,-1701,-289,-173,-232,666,-437,-713,18223,313,416,-253,-48,49,488,-125,-146,-240,-49,-167,0
129,-72,-44,352,-287,-165,245,-250,-57,-175,-803,91,-194,-235,-34,182,7,95,65821,226,307,-53,102,-166,187,75,150,-118,-178,-147,0
-284,-370,-15,439,-353,-526,-52,-111,-13,0,353,-639,-394,-234,825,25,-141,-598,22022,-204,176,72,36,706,956,32,13,-5,-112,-98,1
-260,-591,-195,90,-542,-775,-196,-283,407,672,122,-1020,-913,-747,-96,591,-129,-529,59024,442,447,-446,-116,63,881,48,-354,281,-30,-27,0
-263,-456,-280,-32,-537,-661,580,-410,186,-307,-374,-1701,-496,204,252,421,-397,-411,20091,191,74,-166,-29,-214,-328,-177,-211,153,57,65,0
-438,11,390,559,-610,-339,-396,-218,276,-140,-65,-931,-1372,-184,59,340,-146,127,7511,1,125,-86,-40,-245,821,5,-24,-82,-19,79,1
-173,-73,10,174,-141,-460,-829,-330,76,-269,-315,-297,-442,120,197,462,179,-106,38858,51,416,-39,154,151,884,18,-12,-213,-115,128,1
-21,-16,-28,236,53,-512,-309,-189,-56,-920,-39,-348,-777,-32,220,60,-293,-340,31193,-131,504,5,72,-72,-65,-133,-260,137,100,-72,0
74,-76,107,201,-539,-266,-449,-33,276,-232,-384,-1444,0,-16,431,881,-19,-366,20888,2,344,-263,-89,242,-943,-165,-11,192,1,114,1
-119,-387,-28,156,-212,-283,-77,-212,55,294,-85,-687,-592,-183,231,391,-1,-387,10454,191,171,-101,79,-436,173,-80,-256,-210,-81,27,1
7,-43,22,187,-65,-451,269,-308,2,-24,-376,-677,-136,-193,-324,181,-263,-467,14170,-136,93,102,-75,-86,54,-21,-85,-130,-67,31,0
-143,-28,297,312,85,-248,-440,-366,-244,25,245,-901,-149,-224,-22,284,33,-20,8651,-1167,-340,-12,17,-1531,-2551,-168,-367,152,-72,-80,0
-222,234,-96,-301,-288,-352,1049,118,-173,-52,-539,-1177,-1148,-44,-290,203,-84,253,46462,-356,156,-54,60,341,-38,-38,-61,248,-116,-99,1
-72,-449,-471,395,-395,-506,-110,-193,40,414,-75,-459,-27,-310,83,249,-25,-523,81575,34,91,-16,-111,-593,-755,80,-166,-211,3,145,0
-43,-255,294,-135,-230,-632,-531,-580,206,-318,855,-1564,-134,-393,510,57,-302,-10,21957,224,471,13,-22,-216,-67,-64,-98,110,26,-82,0
-358,-190,-103,327,-130,-441,117,-183,96,48,-92,-1489,57,-292,165,55,-216,-539,2087,225,1,-29,13,-261,-136,-37,-126,6,-39,-53,1
66,-426,83,243,69,-350,701,-138,-292,138,69,-461,156,-360,-29,43,215,-255,14516,-657,-287,45,1,-1883,-2784,-280,-207,230,-158,-146,0
-54,129,-164,70,-233,-467,367,10,23,-155,-204,-278,-741,-197,-99,325,-32,-125,39179,29,-18,-90,55,-154,-59,122,-10,-72,-71,-65,0
-238,-541,124,374,-358,-182,-257,-200,-289,156,-68,-168,-834,90,244,117,-133,-356,72704,-77,-82,109,-17,-303,-446,177,-32,-20,-46,36,1
174,41,108,332,-25,-455,-948,-110,94,201,273,-887,-1363,-217,-15,633,-102,-386,14406,157,104,22,1,-646,-356,-92,34,44,15,-20,1
-244,-318,-50,554,-515,-642,82,-175,148,125,305,-1061,-961,-300,379,193,-66,-947,27474,64,166,-285,-25,-16,-130,-99,-56,82,-113,-110,1
-45,-127,212,182,-456,-460,-15,83,269,-802,52,-333,-250,-151,593,147,-3,-365,43224,114,75,-86,53,-76,585,-28,-200,-185,-16,-59,0
-109,-121,87,71,-74,-383,554,-166,-112,-314,-52,318,246,-207,281,280,-145,-168,2535,122,10,-45,-33,-175,-435,45,-254,40,36,-124,0
136,-130,-268,487,-374,-733,119,-363,316,-78,94,-661,-650,-305,347,516,165,-273,29776,74,415,-173,58,-512,-125,-104,-94,4,39,-38,0
-135,-325,-30,231,-215,-430,-579,-90,275,-490,81,-345,-592,-151,-165,181,86,-157,5936,32,194,-5,-7,63,-174,-49,-208,-83,-107,-191,0
55,-371,208,278,-193,-171,716,-326,175,-224,-842,-246,-878,-57,-226,265,-123,80,72869,-44,-7,-33,113,-535,504,24,92,-108,-78,-119,0
-330,-285,-132,337,-654,-917,-776,-173,92,-171,-305,-681,7,-100,140,4,-49,-427,4569,43,364,-183,-33,-628,-152,-251,-186,39,31,34,1
-85,191,-104,800,-298,-497,-483,-180,312,-54,-163,-722,-1170,-319,362,165,-60,-505,22742,-118,-7,-129,7,-316,-854,-195,-221,-67,-208,-31,0
-79,-217,-47,231,42,-606,369,-93,-339,-7,-428,-529,-865,-854,-142,-172,141,-141,29416,-139,-29,-78,19,-1180,-3166,-214,-333,55,171,27,0
-46,46,110,74,-235,-496,-253,-131,121,317,-48,-402,-175,63,-281,-16,-68,-16,15728,-133,-115,-172,73,83,-430,-58,-76,90,-52,-92,0
-184,-93,-218,-114,-191,-85,23,-122,243,538,142,-107,270,-178,281,38,-113,-97,37588,305,344,138,-21,-226,622,-152,-145,23,45,-82,1
7,-577,-352,409,-336,-128,331,-321,99,-97,150,-165,-435,-134,302,288,122,50,82827,-91,-64,-126,-109,-692,-524,74,-125,-114,-13,156,0
-199,21,165,-45,-808,-482,-185,-407,-144,56,443,-1758,367,-19,-463,451,-104,-635,-2247,443,70,69,91,-191,-232,-183,-252,-507,23,-15,0
-251,-137,-106,-164,-717,-736,774,-71,368,213,135,-1750,-1006,-6,118,261,-92,-768,-3551,336,377,-132,-11,121,521,145,-241,-113,-86,-202,0
208,-97,-143,195,-453,-480,-425,-240,40,-392,-41,-923,-727,-515,206,285,-13,-492,28674,11,258,-8,123,-348,592,-6,-137,-80,-61,55,1
-321,207,39,-140,-317,-77,997,89,-426,45,-193,-16,-1655,-48,238,52,-39,141,39093,-250,105,-75,51,311,737,11,-102,289,-132,-77,0
68,-592,-24,604,-412,-373,68,-45,101,427,-261,-649,-598,-326,182,374,-14,-692,28318,140,305,59,43,120,752,-28,-48,-41,-27,-42,1
-175,-25,-95,99,-411,-563,158,30,-187,113,-204,-691,-60,26,521,-44,51,6,14668,-726,466,11,51,56,-288,-31,-210,100,75,179,1
-109,-235,-201,102,-181,-177,268,-342,-19,242,461,-387,-798,-154,50,340,25,-209,22215,-205,157,-274,-35,-310,676,-68,8,-45,-39,-24,0
-70,-288,30,223,-97,-438,-728,-110,182,-594,-232,-475,-665,-85,-235,98,82,-306,19971,-88,312,-118,-16,184,-383,-98,-124,51,-92,-242,0
-219,-228,-148,503,-332,-1063,-557,-394,260,-288,369,-771,-1159,-271,641,620,-69,-798,19195,190,669,-241,-24,-177,1324,-79,-231,-54,-87,-54,1
-97,-216,1,-121,-379,-565,-1469,-353,203,-288,-1072,-1209,-923,-377,-370,-70,-351,-538,22151,297,166,-128,-36,-192,464,-105,-204,103,31,79,1
-246,-208,-120,352,-424,-670,-238,-345,520,362,217,-822,-950,-438,490,149,-148,-756,21731,-229,93,-120,52,-666,1296,-151,-334,40,33,-139,1
47,-64,342,267,-194,-461,-186,-70,30,684,308,-783,-779,-122,231,59,-48,-634,1257,-287,84,2,60,-322,909,-98,-85,57,1,-66,0
-109,27,125,250,-50,-52,-399,-13,47,102,-103,-186,-130,-109,-91,48,-12,-71,21478,-56,149,4,-53,-406,110,-176,97,212,-8,-34,0
57,-233,139,96,-498,-316,403,-66,39,610,-25,-633,45,-346,-432,550,-102,-499,29925,286,202,108,-17,-160,771,21,-205,17,83,27,0
136,124,46,125,-189,-436,670,-160,36,649,-604,-832,-1045,24,516,-126,-113,272,8232,-156,-339,39,47,-191,161,-203,-242,107,-2,-186,1
-246,-171,178,64,-157,-688,409,-18,212,97,-200,-1100,-459,-621,-69,335,0,-709,10367,178,421,-180,37,111,148,-135,-154,-34,-21,-189,0
-486,-58,102,275,-358,-678,-51,-100,141,207,406,-696,-1118,-349,384,307,-267,-970,31912,66,632,-248,47,-513,439,-127,-473,-87,-134,-90,1
-123,-146,172,-75,-314,-353,305,-133,125,-41,-283,-1101,-778,-488,296,466,-198,-360,27708,189,-13,-21,48,-239,779,-152,-180,-157,-56,-80,0
78,-3,-59,249,309,-488,-596,-313,-158,-1002,76,-464,-898,-78,417,-183,-392,-197,34469,38,465,-23,126,-290,242,-80,-400,129,125,-86,0
98,-254,0,284,31,-403,324,-27,62,-213,37,-435,94,-341,292,224,222,-577,66255,144,-13,30,2,-302,-182,-156,-41,100,37,-42,0
96,-8,170,191,-208,-611,-388,80,-271,203,49,-993,-1258,-527,-403,318,-48,-797,2448,207,319,-6,74,-339,804,-133,8,85,-93,50,1
163,-187,-140,-362,-153,-46,271,-320,-60,-45,233,-866,-111,-464,170,-309,-118,150,38014,222,-299,-42,32,44,-741,-78,6,67,95,-80,1
88,12,326,284,-196,-386,-388,67,122,-281,53,-668,-1408,-192,-586,29,-64,-762,-13565,57,144,58,12,-650,908,45,-15,48,0,40,1
-47,-15,-64,-74,-61,-487,-698,52,377,431,-64,-966,-832,-163,31,2,-103,-279,18109,514,569,9,71,-39,657,-31,-325,112,-2,64,1
118,-82,-19,324,89,-350,33,-162,-149,-422,-616,-840,-571,-1049,245,47,255,-120,32685,-346,-115,-151,11,-1531,-3456,-190,-366,38,180,-43,0
2,-225,91,170,-89,-341,110,-60,62,-91,-134,-962,-424,-179,-38,227,-138,-510,19808,-93,177,-21,-73,-412,-569,-68,-25,1,93,50,0
-143,-117,126,418,-281,-260,-9,-101,18,745,-43,-693,-293,-119,-60,394,-17,-277,28542,59,315,35,45,502,396,22,-128,-51,51,-52,0
88,-15,-14,150,-345,-549,-758,-278,167,275,23,-660,-762,-309,15,137,-62,-362,47239,-26,148,-45,19,-139,-85,-95,-166,-31,-129,-169,1
8,-392,-87,21,-227,-281,430,-50,-67,391,-213,-811,39,-195,382,247,-76,-36,32364,136,-110,-98,-102,-417,287,-146,52,-160,25,29,0
123,-10,36,284,-7,-90,-840,-131,74,-265,-125,80,-734,-95,38,133,-83,162,67560,-82,100,-74,-31,166,28,49,177,-50,83,-115,1
118,-52,-185,257,-541,-503,314,-70,338,91,404,-875,-849,-152,-241,344,-146,-654,15014,288,335,51,91,-1169,-15,-276,-29,-131,-88,-45,1
-27,-145,-74,147,-217,-349,153,17,83,-377,-65,-449,-5,-42,533,292,-70,-256,26853,-139,337,-53,15,366,-33,-202,-127,-86,51,-12,0
-163,-372,-77,315,-177,-457,-235,-2,107,-185,-5,-877,91,16,166,318,-172,-508,-1578,-210,-142,-43,21,-400,1217,-33,-125,-2,32,-69,1
-118,-330,111,268,-158,-444,98,-216,-30,-79,59,-549,28,-115,216,299,-209,-340,20121,-50,-275,-105,-57,325,1430,-116,-16,-137,53,-49,0
-279,-89,-60,388,-270,-457,464,-261,122,122,123,-521,-99,-103,209,169,-212,-669,22009,-183,-23,-45,37,-237,519,-39,-54,-3,-79,-36,1
-57,-42,83,-149,-224,-218,168,-231,-1,-78,-51,-375,-771,268,125,222,37,-491,17997,-237,-143,-212,41,-149,808,-52,-244,146,5,-105,0
-123,-292,66,228,-312,-331,3,-101,8,684,-358,-354,-751,-141,-387,189,-19,-116,39509,-37,265,23,15,93,167,-127,-57,-72,90,-10,0
168,113,68,399,-636,-652,-641,-308,131,286,-155,-288,-587,-223,-17,-4,-265,-599,38451,67,52,51,54,-519,757,-25,-230,30,-139,-119,1
-195,-55,142,384,-16,-748,-75,-284,236,268,153,-1680,-1961,-173,725,503,-149,-1343,-2014,326,622,-207,41,-614,942,-48,-105,-143,-57,246,1
-159,-136,-47,500,-144,-695,125,-406,146,341,566,-1189,-941,-682,477,323,40,-1118,37695,67,598,-194,-18,-45,436,2,-246,-24,-120,-12,1
-81,-355,195,464,-113,-634,-73,-54,-68,17,82,-659,277,65,103,184,-295,-233,1975,-257,-94,-78,-63,535,1552,-60,-7,-28,122,-30,0
-107,-163,59,235,-421,-496,434,-223,-133,255,174,-685,41,-17,71,99,-51,-425,-1306,115,190,-168,-65,-190,268,-160,-83,-49,22,26,0
77,158,231,104,-35,-611,-114,-113,236,-206,83,-969,-907,-131,-62,401,-62,-686,19317,213,82,-57,87,-913,998,-23,-20,139,5,-49,1
-235,-432,-37,292,-243,-545,-452,-131,90,705,8,-890,-1087,-346,15,178,0,-103,44198,58,380,46,52,-414,801,-146,-123,-51,1,-96,1
228,-159,296,79,9,-420,787,-169,-318,133,90,-902,-187,-481,80,175,270,122,9047,-478,-111,49,-17,-2210,-3617,-358,-172,164,-75,-146,0
86,-440,159,211,22,-44,867,-287,171,-424,-650,-5,-931,96,75,346,-289,-4,71852,-75,-165,-49,153,-393,521,10,61,-2,-95,-108,0
-122,-73,-128,298,-538,-620,-195,-64,245,-38,-103,-465,-763,-7,-101,182,-22,-364,20870,12,-142,-86,-18,2,-293,9,-285,-85,16,-120,0
-88,-286,-242,169,-242,-633,188,-290,327,-502,-767,-730,-1032,-554,181,330,-21,-172,2813,57,-59,-30,58,-186,845,-227,-141,-3,3,41,1
26,-105,108,71,-218,-443,-205,-238,-78,174,106,-784,-811,-121,145,16,-177,-118,58657,244,455,41,-14,-696,216,-24,-83,-8,36,-105,1
-199,-75,42,80,-113,-53,184,-141,481,703,231,414,-12,-171,64,-30,-106,-219,39409,89,343,147,18,-143,410,-182,-69,73,-24,-37,1
-177,-12,-35,232,-158,-672,-241,-59,268,139,-213,-767,-559,204,15,432,-184,-389,28658,113,-230,-121,-120,-399,-253,-51,-282,-25,58,-8,0
329,80,-9,178,-86,-489,-1393,0,-170,46,120,-525,-1830,-365,-758,659,86,-829,3414,489,332,129,101,-731,1198,-74,-93,200,-91,-39,1
73,-62,384,463,22,-538,-839,180,169,-429,-298,-1164,-992,-288,-580,-85,-152,-444,2688,247,242,122,-20,-415,1290,35,-4,143,4,97,1
-61,-548,258,589,-217,-397,-312,-37,34,95,169,-750,-33,-554,252,84,-47,-980,46963,-66,381,-135,133,-214,-180,-64,-165,42,25,-37,1
-9,108,96,180,-231,-525,-267,-22,-95,-247,-113,-164,-344,-84,-162,345,-256,83,30094,-276,-66,39,-59,-316,-373,-72,-99,56,-32,-135,0
37,-521,318,681,-189,-532,-17,-110,104,-33,73,-652,8,-535,229,175,-80,-1021,28797,-255,382,-136,28,-279,522,-66,-1,115,9,85,1
-102,-231,-62,219,-343,-321,-50,-130,126,-21,-175,-373,-534,10,7,149,-66,-426,38270,134,313,23,75,-126,352,-105,-140,-43,7,-134,1
-187,161,360,190,-375,-494,-495,-200,133,358,190,-1818,-835,-79,-323,536,-89,-576,6452,-157,-136,177,7,-966,121,-8,-22,74,55,-95,1
-2,-258,123,375,-354,-105,-238,-118,-20,-160,-218,-899,191,-56,184,804,-81,-242,23805,-34,305,-234,-67,-449,-291,-58,-66,91,-70,7,0
212,-177,52,362,-124,-202,-342,-189,41,466,-15,-860,321,86,-116,-272,-18,-195,30128,-83,0,20,-28,-76,122,-105,-22,-12,-31,-49,0
62,-100,149,302,-528,-581,413,-436,180,56,-521,-431,-1457,-58,130,150,-113,384,34998,-303,-200,-39,-128,-980,1531,13,43,46,117,146,1
-308,-86,-90,189,-338,-377,266,-244,330,8,-46,-511,-408,-485,264,195,-55,-604,4063,-4,207,-263,24,-12,-1064,-132,-68,40,-61,-123,0
50,93,-110,-124,-191,-260,-36,0,-197,216,293,-513,504,-413,-34,-204,91,-119,52936,-250,309,111,132,-391,844,-72,-152,-26,118,-91,1
-230,-289,-28,8,-42,-240,-104,-371,175,251,102,-695,-1144,-79,54,26,-167,1,12647,161,303,-27,-35,-843,-438,-151,-187,-104,-107,121,1
210,34,-10,456,-489,-450,35,-32,351,-66,-396,-1672,-87,-146,253,1229,-5,-455,22799,83,302,-286,-63,609,-521,-110,-15,211,-30,161,1
-192,195,-185,178,-150,-435,-630,39,203,174,105,-585,-174,-262,-160,311,14,-483,35161,-145,109,117,-45,-383,-135,-228,-80,-32,-23,3,1
-182,5,330,215,-130,-622,264,135,-209,151,13,-871,-342,193,59,361,4,-534,13290,260,128,-97,7,-314,223,-18,-155,118,88,-63,0
-220,-295,-137,77,-362,-294,-109,-49,128,-75,-122,21,-499,-166,-193,-141,-66,-299,34592,23,213,-215,-44,-330,-97,42,-31,-95,77,109,0
-281,-345,566,448,-282,-71,551,-484,151,-171,-278,-172,-1663,-152,254,447,-173,-228,26625,-16,135,-132,-67,183,312,76,-57,-134,-56,205,1
159,1,119,-46,-206,-327,133,-463,216,-457,583,-510,-189,166,4,61,-55,-2,53383,-51,-41,-18,-12,-164,553,-31,75,-70,-7,-34,0
-49,-211,137,301,-103,-117,-256,-58,-60,478,340,-467,-290,-113,-33,-77,-209,-420,26223,192,262,-167,27,-82,-323,-3,-189,26,-18,-86,0
-310,98,-196,-283,-63,-812,-108,-78,118,-528,175,-665,-497,-62,309,-7,-60,-125,10219,-54,376,-44,-64,62,62,32,-175,52,-36,55,0
-255,-342,-157,196,-136,-634,-477,-101,141,583,111,-286,-1046,-545,114,299,-59,-29,45118,22,458,166,60,-423,465,-58,-150,-185,-74,-103,1
118,139,157,145,-339,-524,943,-190,1,373,-737,-1140,-749,89,769,-197,-124,145,11117,-118,-542,40,140,-193,92,-163,-160,36,4,-149,1
-130,-229,299,27,-219,-620,-558,-183,89,-212,-238,-1263,-306,22,73,158,46,-412,13062,13,339,-1,-152,-403,-828,-76,-51,108,82,95,0
-516,-224,-52,251,-54,-394,537,-272,97,44,-324,-98,70,-9,287,186,9,-475,10650,-139,0,-78,35,-316,-269,-117,-111,106,45,-73,0
-308,-98,-146,411,-302,-651,466,-236,304,155,22,-11,-313,-256,248,-2,-163,-801,10694,-362,65,-9,40,-266,-500,-8,-91,-5,-50,42,1
-224,-192,185,-46,-238,-435,-181,-86,92,275,-247,-1132,-654,-433,174,353,86,-446,-344,170,434,-147,-2,-320,-94,-38,-122,-32,-43,-119,0
-298,-460,-291,6,-273,-504,-146,-74,281,-202,182,-996,-465,-242,391,78,18,-110,20871,-72,228,-86,81,-253,986,-99,-86,-37,-108,-202,1
-150,-441,59,-16,-166,-541,-798,-494,126,-635,-858,-811,-1664,-780,-117,194,-147,-120,29762,-18,129,-148,-23,-74,-78,-172,-148,118,108,-20,0
90,-219,108,96,-6,-433,-584,-20,-174,36,-18,-747,58,-501,427,48,-108,-721,33244,199,562,151,94,-573,682,-26,11,-137,193,30,1
-264,-162,128,174,-185,40,-1563,-85,-120,220,-791,-939,-19,-82,212,-152,-32,3,53619,-163,162,-236,5,-192,992,-101,-132,-95,139,53,1
64,-87,-311,106,-651,-233,347,-133,396,246,201,-626,-975,-196,-64,268,-250,-781,5985,404,412,-11,86,-1166,530,-319,31,-269,-104,-48,1
-255,-313,651,384,-19,93,621,-410,182,-221,-413,218,-1836,-396,263,232,-185,-96,26721,77,41,-118,-76,241,614,123,-95,-173,-81,238,1
143,-61,-13,119,-399,-529,-877,-400,19,462,-23,-553,-632,-268,130,-187,-69,-589,27327,-359,284,6,-9,-213,268,-110,-191,7,-169,-234,1
-232,-206,-105,57,-98,-250,183,-275,236,400,79,-481,-1042,-646,169,403,5,-454,19130,245,221,-157,35,222,-665,28,-218,-19,-20,-32,0
-62,-166,79,166,-507,-297,-289,187,158,-1177,217,98,-298,-112,440,158,-9,-175,47030,-54,62,-183,55,-143,847,-96,-203,-218,37,-65,0
-229,-111,4,-143,-137,11,-820,-204,-43,353,-541,-887,-412,-279,300,-159,-90,-263,77585,-347,260,-105,23,659,520,-213,-136,-14,26,-3,1
-57,-174,125,87,-327,-237,539,-44,6,1146,-162,-416,-130,-407,-299,359,-400,-482,28604,406,517,52,135,-367,851,-53,-188,232,87,9,0
136,-489,45,459,187,-391,828,-82,-384,-11,222,-181,161,-283,-252,67,193,-81,7918,-663,-253,89,-27,-2336,-2346,-133,-162,248,-221,-124,0
-226,-210,100,121,-597,-502,690,91,319,842,-871,-1595,-169,-165,-25,1020,-409,-773,38344,20,296,-205,-82,-11,25,-122,-123,-291,-176,-156,0
-394,59,-9,88,-354,-752,59,-153,102,25,390,-852,-1096,-359,555,242,-322,-1074,15039,209,607,-259,48,-301,-23,-123,-492,-122,-122,-108,1
33,-673,212,353,-44,-590,-130,-53,-217,141,-27,-1221,-538,-613,279,254,-126,-589,43374,-51,314,-67,25,-73,238,-153,-220,-20,13,-34,1
-554,-351,-225,170,5,-309,784,-262,87,-49,-432,-45,-74,-133,180,307,-15,-477,7900,-81,198,-27,49,-318,-266,-63,-81,226,59,-208,1
-122,-387,-28,-11,86,-639,364,-19,-373,338,-602,-483,-1071,-642,-311,-146,278,84,24020,-159,-94,-70,58,-1248,-2383,-218,-329,-44,198,31,0
-33,-199,70,137,2,-172,-70,-15,29,217,135,-655,-399,-186,-165,-121,111,56,37139,107,-14,-100,-12,-29,309,-71,-52,5,38,26,0
109,-110,12,477,-65,-262,-830,-113,47,451,-213,-799,242,-4,-41,-49,-15,-235,24330,193,-140,86,-26,-206,-44,-123,110,85,-46,-42,0
-345,-305,-401,-66,-379,-597,-485,-118,382,215,455,-1146,-752,-331,419,-83,123,-159,-331,227,380,-151,-23,-538,1736,-116,-158,-3,-23,-174,1
-283,-325,513,313,-219,-425,754,-374,69,342,268,-497,638,-119,111,209,-286,-385,17054,486,655,16,-24,349,1023,-58,-36,-29,-10,-152,1
-86,-40,-505,359,-179,-474,306,-155,91,547,-252,535,-272,215,124,231,21,-107,10735,249,38,-147,69,187,-647,-4,-84,-178,7,6,0
-356,-292,291,217,-484,-490,261,-185,39,230,-274,-1465,103,276,398,199,-404,-651,4222,281,465,-16,130,681,206,24,39,-32,108,-65,1
-268,-444,50,-95,-570,-637,441,18,183,601,-781,-1654,-441,-187,-11,1076,-507,-701,37653,196,284,-225,-106,-163,96,-139,-159,-368,-135,-23,0
94,8,143,429,-693,-832,588,-698,135,509,-575,-65,-1549,146,335,10,-217,344,41099,127,-431,164,-75,-121,1771,119,89,110,-37,226,1
97,174,-31,272,-449,-577,-936,-349,-34,604,-50,-354,-770,156,136,-47,-104,-408,43689,335,106,-56,-5,-242,231,37,-289,71,-201,-191,1
-429,-163,-16,204,-363,-216,-298,184,125,1081,-74,-579,-283,-19,-11,378,81,-225,28393,-4,143,59,-7,-210,-97,108,-143,16,28,-25,0
-50,-112,64,193,-220,-665,1258,-400,133,274,-802,102,-1422,25,172,-263,-162,94,12670,-194,-331,-20,-118,-608,1281,117,135,288,92,175,0
-1,11,130,252,-192,-272,19,-20,-255,-469,-87,4,-305,-12,-108,185,-127,133,21063,-480,75,21,-64,-416,-77,-36,-107,-145,-17,-143,0
-349,-221,-262,-380,-272,58,-267,-311,218,552,506,-238,337,-390,340,-56,-70,-76,50269,125,264,146,-67,-310,287,-232,-154,71,45,-84,1
-150,140,-143,123,-211,-674,145,-243,268,191,75,-1477,-884,-322,-577,317,-272,-614,12022,-94,61,78,-19,-786,237,-52,-130,65,-28,41,1
-92,-101,-54,-113,-218,-61,-90,-199,168,409,98,-417,-974,-203,120,200,39,151,-953,27,89,109,43,-245,207,-104,-247,-33,-170,77,0
313,85,21,284,-131,-245,-1100,55,-21,-20,33,-115,-1907,-385,-753,597,47,-645,-4943,520,368,104,119,-819,1412,-88,-89,212,-68,-94,1
168,-41,-320,129,-711,-27,596,-100,372,573,249,-1017,-1220,-61,-310,299,-385,-759,10219,732,654,42,59,-1052,285,-311,53,-265,-71,-15,1
-134,-169,-43,196,-323,-421,380,-164,160,1151,-220,-797,-237,-265,-175,413,-28,-520,20776,193,370,-152,77,-33,827,32,4,196,77,76,0
169,-58,-188,-49,-257,-63,-385,-219,-106,444,380,-673,368,-146,116,-283,213,377,53549,-548,-148,-20,189,141,-657,-30,107,-25,108,208,1
-205,-383,-450,107,-310,-754,516,-297,218,68,-335,-1586,-1116,-191,-13,369,-158,-790,-316,393,-18,-271,53,-873,-374,-265,-354,114,-74,72,0
-201,-298,-42,300,-403,-436,-331,-642,143,-863,-472,-226,-1250,-355,51,501,-213,-494,24385,-188,190,-189,-43,-327,-425,175,-55,-80,-15,0,1
-263,-359,697,425,-89,188,775,-372,16,128,-433,104,-2199,-468,311,218,-198,22,14042,-107,159,-85,-28,319,861,109,-34,-82,-80,269,1
-77,-475,-300,512,-500,-360,-196,-465,118,316,431,-312,104,-220,426,53,-182,-382,73724,-150,308,-98,-45,-651,126,57,-111,-63,34,78,1
108,-137,-102,53,-34,-490,-315,-208,-42,21,-195,-445,-287,109,-106,-184,-153,-125,25202,-14,48,-79,11,-248,-473,-16,-115,-158,-29,-14,1
-348,3,441,429,9,-200,-619,-405,-257,318,215,-999,-455,-233,147,155,-58,-112,-187,-1199,-493,-30,100,-1724,-2625,-141,-348,237,-149,-75,0
-138,57,-122,216,-187,-42,-247,-153,-83,536,-462,-549,-742,-422,26,111,142,378,45892,251,-191,78,-53,-284,482,-151,-122,-158,-174,23,0
-102,-289,66,207,44,16,747,-383,-46,165,759,-521,-561,-228,13,206,-73,-385,20558,-22,219,-317,-56,-319,653,-99,110,-107,-15,-7,0
58,-208,223,273,-669,154,-821,-24,274,153,-84,-1003,-623,-35,270,-73,-173,-611,52268,163,151,3,51,5,20,-218,6,-101,105,-47,1
-121,-126,-270,694,15,-360,867,86,300,-403,-128,-152,-432,11,-165,72,-127,-323,20710,5,-38,-235,74,28,-136,-185,-31,48,-87,-15,0
-49,-406,298,178,26,-489,333,-146,-142,249,95,-636,-81,-16,68,105,-52,-461,28169,68,-286,-157,-75,335,1488,-171,229,-203,37,-76,0
-77,-281,101,-325,-329,95,-1000,-142,164,545,-333,-1047,-243,-405,203,-202,-97,1,68478,151,-136,-95,-126,37,-494,-207,-126,-267,109,118,1
-131,-239,176,-103,-241,-90,-536,-392,245,-174,142,-298,-1311,-1,91,-212,-246,-49,17058,64,437,-66,32,-807,-53,-246,-243,-64,-146,-2,1
-98,296,-235,966,-249,-478,247,-9,352,192,-61,-1012,-837,-306,549,204,3,-423,26240,46,17,-112,-87,-561,-439,-125,-309,-93,-275,-55,1
-96,-31,-57,92,-228,-674,539,-101,107,1334,-388,-973,-104,-209,-76,355,-169,-224,25924,202,375,-97,79,-627,329,-60,-133,82,46,33,0
81,-45,171,207,81,-273,-175,-112,-33,-100,-139,-1168,-1824,-403,-578,-58,-141,-987,11108,177,100,80,49,-696,362,-92,57,-56,-89,28,1
-179,-580,-456,604,-586,-444,-82,-449,-121,184,550,-313,369,-304,349,-14,-155,-229,56970,-300,216,-61,-24,-625,145,54,-58,-53,81,97,1
-110,-398,-190,3,-309,-954,1015,-306,403,-203,-379,-1004,-710,-195,361,462,-249,-471,-16668,234,23,-127,-51,-224,-736,-139,-230,269,-55,-49,1
-140,-182,-138,71,-243,-515,375,-188,58,-55,370,-723,-594,-6,179,108,-65,-124,17349,184,-32,-113,14,279,465,13,-126,22,-64,-108,0
-20,77,-42,129,-293,-242,441,-447,-54,441,40,-456,-455,-317,-213,215,-51,570,38669,36,-250,-55,17,-128,507,-86,-62,-98,-142,12,0
-119,-137,19,536,-364,-641,381,-20,184,-184,-150,-409,-758,-351,-467,320,-46,-512,20710,33,251,2,57,-574,-32,-308,-187,-115,-172,3,0
-383,-646,-250,-134,-492,-355,-557,-425,195,184,218,-1100,-1066,-599,-237,327,-78,-456,29399,151,54,-405,-163,-168,586,89,-269,148,41,-48,0
21,-158,47,240,-674,-646,483,-344,132,384,-532,-651,-1160,213,72,7,-87,-19,20489,-298,-220,56,-144,115,1157,-5,116,370,187,190,0
-346,-266,69,406,-302,-390,79,-39,-251,40,269,-474,-406,-171,779,70,-185,-154,25415,-218,-78,-21,21,768,874,67,-44,-2,-163,-34,1
-216,39,247,206,104,-799,-86,-262,146,271,218,-1586,-1960,-143,795,300,-147,-1326,-14068,95,680,-194,29,-786,704,4,-106,13,-99,241,1
139,-145,37,181,161,21,330,-105,51,1062,-80,682,-241,12,479,157,-240,-261,11871,107,218,77,13,-454,1003,-121,-286,-197,-96,-179,1
-135,-61,169,426,-180,-564,841,-378,111,-164,-28,-83,-368,-51,135,168,-116,-896,36302,-100,19,-66,-6,-369,673,-11,-71,-48,-111,-99,1
-268,213,73,-75,-262,-142,1116,-324,-16,-307,-190,-528,-696,305,400,-25,6,-728,18378,-309,14,-309,70,154,200,-49,-321,317,-32,-95,0
-58,148,138,584,-416,-160,128,-152,161,-221,117,-512,-221,-303,-495,-56,-12,-31,7401,-36,-168,47,-63,121,-295,-183,-39,-103,57,-53,1
-300,-239,-4,268,-186,-562,247,-287,217,192,436,-475,-236,-135,156,-250,-113,-428,61229,123,549,-320,-112,-509,1258,-228,-101,44,-5,13,0
-99,61,337,251,-532,-355,-219,-272,229,11,164,-496,-1351,-213,52,63,-65,-19,958,-20,99,-117,2,-373,68,56,-5,128,32,120,0
-174,-239,45,131,-190,-3,-643,-310,-16,668,-315,-1028,-905,-91,306,124,-94,-218,41545,-290,148,-128,60,297,347,-111,-53,26,58,18,0
55,-56,172,199,-29,-351,-608,-30,-214,83,5,-838,243,-432,358,-8,-118,-770,38716,338,500,43,129,-630,610,-92,30,-311,93,63,1
-101,-366,56,-197,-459,-544,-854,-498,232,-181,-1343,-1595,-1148,-79,-299,-222,-267,-381,26577,340,300,-125,-6,-180,814,-206,-265,113,81,37,1
-247,-430,314,599,-178,-624,-1,-108,-47,-195,244,-881,446,-10,201,60,-550,-56,16654,-106,-110,-83,-79,757,1537,-113,-53,-54,92,-16,0
92,192,69,126,-490,-713,959,21,59,310,-518,-989,-1079,123,927,-263,-171,-182,-4848,-117,-532,78,193,-463,-30,-150,-77,21,-6,-108,1
31,65,-107,465,-118,-840,-242,-284,-55,1068,269,-1828,-834,-19,581,774,-97,-995,8318,448,712,-86,-10,165,972,-102,-242,-304,-91,9,1
-168,-508,12,34,-306,-357,344,-106,-26,211,-223,-741,-66,-114,288,227,-91,95,14961,332,-169,-79,-48,-250,715,-198,127,-375,72,141,0
-760,-274,197,743,-756,-718,-351,-256,-37,-210,-301,-1420,-593,-601,5,-43,237,-238,14701,370,-165,-80,228,-447,784,-340,-178,60,63,-146,0
-387,22,493,747,-573,-103,-415,-278,245,-162,-44,-660,-1551,-44,8,465,-211,138,18475,69,-52,-77,-46,-222,877,16,65,-65,-124,151,1
-117,-212,33,191,-642,-431,179,-232,174,1239,-158,-983,-208,-257,-69,322,26,-217,20117,309,252,-152,61,189,980,13,23,151,132,36,0
-393,-89,184,367,-352,-520,737,-181,0,-197,105,-72,184,-68,319,119,-178,-696,14114,-128,-175,-81,-10,-343,984,-34,-61,-65,-79,-106,0
-243,-97,99,323,-199,-433,-216,-339,2,130,-95,-406,-461,-168,-64,252,127,-365,28557,210,12,-97,115,-66,-139,-91,-212,-242,-36,104,1
-236,-131,333,355,-121,-831,39,-470,118,-356,-601,-566,-1021,-67,-67,17,-49,-378,21782,169,290,-11,-33,538,-390,-7,-136,78,55,-12,1
65,-110,-235,-272,-154,110,429,-309,-8,309,245,-819,11,-641,267,-309,-87,293,29141,143,-130,-17,-24,93,-1352,-40,-1,61,59,-107,1
-203,-39,49,304,-405,-538,-121,-367,157,127,324,-1059,-814,-415,306,133,-85,-1018,36820,-84,215,-51,-9,-49,-839,-166,-165,27,-165,-186,1
-304,-107,-217,323,-817,-977,-692,-316,93,-278,-457,-222,-12,-145,151,101,-125,-334,-11342,79,342,-173,-109,-732,99,-278,-278,-14,40,-21,1
54,-121,-422,243,56,-388,-161,-215,-140,388,-102,-293,-16,233,-175,-432,-187,-32,14255,146,109,-130,7,95,-905,-46,-195,-179,88,-58,1
37,-454,11,267,39,-198,267,-257,-169,248,-50,-576,28,-429,137,38,174,-344,15210,-658,-364,96,62,-1680,-2335,-278,-213,174,-212,-176,0
-37,-49,545,314,-268,-591,-31,-42,120,625,392,-971,-823,-88,161,-4,23,-916,-692,-352,91,-4,84,-331,2061,-38,-139,83,30,-84,0
75,147,377,148,-706,-451,-525,-115,136,-214,21,174,-1476,-400,-13,3,-144,191,4429,143,121,-192,73,-547,724,89,-33,69,-24,113,1
-182,-167,178,313,-39,-795,-302,46,319,56,-494,-628,-178,297,119,246,-149,-477,22731,51,-381,-29,-105,-147,-129,-59,-323,-47,92,-41,0
-65,-212,237,-87,-182,-355,330,-47,47,-431,25,-326,-519,39,515,123,-1,-412,35633,-72,-90,-124,96,-387,562,-256,-65,0,-13,3,0
62,-186,-181,316,-110,-248,-418,-105,-77,-143,271,321,-547,-179,412,43,-200,-38,56784,-99,37,-32,-16,52,443,-123,-158,43,49,-10,0
-268,-170,-14,431,-251,30,118,-68,188,380,-157,-592,209,-151,-126,-134,-140,-7,22765,19,1,-81,43,-90,-62,-75,-178,-68,-52,-22,0
-238,-250,-62,194,-385,-145,83,-222,20,84,130,-321,-950,-11,233,203,-84,8,8036,111,69,24,89,296,190,-38,-161,4,-29,-85,0
-46,-300,-64,287,-462,-546,4,-229,109,184,160,-901,467,-251,191,-38,-257,-338,2657,-198,355,-59,-18,126,764,132,-107,109,-20,91,1
396,-89,-339,-25,-620,132,-714,-504,-22,566,333,-566,452,-159,64,-375,170,219,77583,-656,-149,-125,137,380,-113,-55,165,-104,141,157,1
35,-150,95,332,-43,-79,-89,-278,-20,-49,-1032,41,57,-216,-121,-34,35,-30,79067,111,101,-168,132,-243,586,-42,180,-59,-158,-19,0
-16,-140,297,300,-430,-360,-77,19,-100,-448,-427,-957,141,-19,214,834,-93,-262,28914,49,143,-364,-51,-409,-367,-56,-52,11,-115,-47,0
-368,-291,-284,249,-119,-595,314,-8,198,-179,443,-769,-415,-276,397,46,-91,-624,14510,-2,96,46,81,-361,677,-103,-162,-40,28,9,0
-134,-450,-468,296,-544,-502,-156,-232,-113,524,78,-296,-146,-206,-24,-10,-74,-932,72241,-110,144,90,-95,-618,-1411,59,-181,-162,26,97,1
-324,-280,65,124,-75,-538,936,-26,-298,440,-856,-432,-1351,-894,46,-193,454,235,24310,-498,-136,-68,31,-1006,-2932,-282,-276,130,198,90,0
-177,-91,433,447,-466,-349,-374,-450,-1,177,-295,-599,-915,-177,-155,-40,-143,-501,19623,-25,556,-112,-32,-75,382,-152,-303,-52,-57,-15,1
69,-183,224,-4,-235,-355,-3,-140,-1,-12,336,-308,284,-501,430,95,112,73,50191,-115,281,157,88,-355,1290,110,-135,-213,129,14,1
-178,-39,-62,188,-221,-621,293,-292,365,139,384,-1019,-727,-497,140,538,-18,-778,20479,236,408,-281,-14,97,268,-130,-124,57,-115,-49,0
179,-142,148,119,-211,-391,-252,-73,9,-491,-38,-1246,-396,-251,-85,283,-49,-298,30197,-127,55,-63,-125,-394,-829,-65,16,131,107,42,0
-293,-300,-198,160,17,-613,20,-323,401,-165,-505,-203,-906,-492,210,395,-199,-112,-18229,207,-17,-88,55,-30,1191,-274,-272,-2,-18,72,1
8,229,13,-101,-559,-711,1044,11,10,545,-611,-745,-1047,-56,712,-613,-239,-63,-20606,-77,-755,179,148,-681,-80,-205,-5,73,18,-105,1
164,-200,55,166,-145,-313,-554,4,44,-248,119,-196,312,40,-350,249,-5,-701,28527,177,220,-213,-16,-163,421,-32,-200,266,-35,-20,0
-93,-191,-218,144,-595,-770,-114,32,217,-82,-317,-555,-1180,-50,5,311,-49,-537,25026,-185,-324,-97,-43,217,-467,19,-425,-102,49,-105,1
-390,-308,34,370,-338,-696,-1064,-315,237,-199,88,-691,-604,-284,400,636,35,-466,33751,16,384,-142,-34,-322,272,-99,-35,125,71,-17,0
163,-20,-63,67,-736,-342,-858,-348,29,-763,-501,-95,-1026,-608,-206,246,-238,-938,36487,-88,88,-206,-24,-205,-259,78,66,-124,-93,-172,1
-57,-95,-84,8,-93,-605,-88,-129,-58,55,907,-129,100,-123,271,-459,20,-281,17126,218,245,-4,33,-237,-220,-20,-88,67,90,189,1
-117,52,345,287,69,-659,755,141,-223,392,-115,-380,-384,189,3,149,132,-361,566,272,285,-91,-53,-303,-276,-6,-159,108,158,-21,1
63,-34,-43,113,-159,-59,718,-75,153,276,127,-601,-386,-241,172,428,-72,-567,1578,-193,-81,-122,15,-14,-612,57,-107,16,-90,-39,0
-81,-384,-201,-127,-457,-602,-1343,-381,91,-172,-1320,-1188,-850,-243,-312,-305,-240,-542,42087,251,289,-95,-110,-95,513,-97,-166,67,6,68,1
-6,-17,-152,313,-126,8,-220,-113,-44,779,179,-629,-334,-64,225,473,-113,-886,17612,372,114,-149,-22,-166,166,-51,-194,-77,58,-137,0
-261,110,57,-79,144,-729,-271,-380,20,111,775,-1267,-355,152,345,35,-102,20,23197,47,0,-33,-71,131,-418,-31,-152,-66,38,-144,0
-4,-940,307,317,-78,-975,-827,12,93,289,130,-1765,112,-450,311,243,-128,-919,55050,104,548,-103,34,-195,280,-126,-364,-275,-145,-97,1
21,-212,-260,-403,-157,-43,827,-469,-94,296,526,-695,-384,-668,581,-296,-36,135,31481,248,-291,26,-10,-32,-1219,-133,39,97,105,-94,1
112,-78,294,151,-303,-746,-447,139,-145,58,-53,-1214,-616,-419,-362,338,18,-711,-2049,345,260,-57,113,-371,690,-127,62,-61,-79,119,1
-143,73,93,461,-261,-759,-116,-57,371,199,64,-1726,-1978,-250,757,402,-115,-1694,-1306,85,662,-183,35,-815,856,-82,-8,-126,-90,319,1
-578,-222,252,55,-503,-347,76,-85,254,293,-465,-680,-764,-307,202,-155,71,-359,19547,246,310,-100,121,91,-354,-217,-255,-101,102,-173,1
2,-86,283,272,-424,-118,-408,-190,16,141,-251,-527,-1429,36,201,583,-2,356,7750,-24,22,-22,-18,-261,369,53,-141,119,-56,117,0
-584,-174,269,-53,-487,-119,-62,-20,233,101,-523,-472,-872,-323,279,-202,235,-225,43817,223,323,-121,143,-120,-1176,-177,-247,-137,20,-206,1
-240,-140,12,344,-388,-543,-762,-265,158,318,148,-585,-18,104,-122,38,-202,-312,15907,-22,6,108,-18,-126,-183,-106,-81,28,93,-65,1
-364,-312,-241,256,246,-432,1188,-201,-62,-143,-567,-173,202,-210,90,156,43,73,8726,-169,186,-56,94,-587,301,6,-69,116,-17,-285,0
-57,-217,-27,58,-99,-323,-142,-187,-20,76,-317,-939,-1010,-157,499,229,73,-259,5069,100,-55,-165,-33,-331,700,-56,-256,-52,-21,46,1
-322,118,95,100,101,-947,244,-288,202,350,125,-1450,-1752,-150,755,344,-63,-1640,-4797,331,950,-288,60,-571,730,16,-37,123,-162,124,1
-338,-87,645,594,-96,357,697,-218,-158,-345,-506,-102,-1556,-319,271,213,-92,-75,9541,-154,73,-151,7,202,909,82,32,70,-48,302,0
23,-383,-63,140,-299,-321,-223,18,68,564,-347,-158,-876,-32,-128,310,-39,-436,38665,133,347,128,32,61,589,-192,-27,-150,124,-40,0
-21,304,452,792,-154,-479,-472,-132,355,-607,-545,-357,-591,196,2,-241,-169,-98,-7963,-29,-104,-175,-120,589,-1319,-157,-280,-54,128,-127,1
-333,121,113,-35,-300,41,1163,-317,73,-604,-64,-322,-979,283,352,-147,-22,-477,7962,-517,87,-358,86,356,319,46,-278,306,-35,-141,0
-376,-292,259,10,-419,-715,151,-344,148,168,-436,-1167,-146,243,446,84,-421,-729,11674,170,561,-25,125,838,-300,19,67,14,179,-40,1
-255,-271,-44,246,-51,-14,-2067,-146,-118,233,-787,-904,209,-8,393,-173,106,137,79707,-102,283,-241,95,-3,1629,-66,-171,-63,191,48,1
40,42,151,72,-299,-612,-1267,-94,-126,28,171,-779,-1337,-207,-101,457,-176,-745,-6032,165,97,-159,-13,-1135,124,-77,-109,169,-14,-57,1
-25,-3,18,166,-213,-136,-230,-104,26,589,2,-841,74,-340,375,76,-322,-346,23447,-302,227,51,2,-734,873,-201,3,205,18,-132,0
-35,109,-135,193,70,-528,-306,-55,-67,-768,261,-400,-1057,-150,151,93,-356,-28,23950,-194,405,17,95,17,-667,-115,-189,132,86,-94,0
-223,171,15,-426,-306,-494,1146,54,-134,-129,-633,-1252,-1005,100,-436,181,-127,315,57696,-378,106,-75,39,374,25,38,-85,208,-122,-74,0
-329,-224,-17,113,-220,104,-1614,-81,-319,304,-882,-1166,169,-38,242,-63,47,94,40706,8,96,-196,-29,-295,966,-85,-158,-77,108,8,1
10,223,187,95,-275,-424,-666,45,2,-123,-36,-744,-1243,-84,-79,354,-51,-241,24820,61,128,78,19,-679,1033,-116,-165,11,-64,-17,1
-82,-236,-645,281,185,-698,-180,-182,-46,60,-301,-121,98,230,-339,-509,-311,-80,27031,349,-15,-82,36,25,-460,23,-172,-236,153,-67,1
-60,122,338,160,-576,-244,-35,-204,191,-172,327,-571,-1185,-172,23,251,-54,117,19988,101,252,-247,29,-444,139,40,14,224,86,67,1
-185,-220,-405,249,38,-756,-657,-148,97,-565,88,-872,-221,54,951,70,-72,231,18012,-194,279,-74,-20,-2,554,-50,-102,127,105,-26,0
56,-391,-109,179,-417,-515,-31,-338,283,-205,-318,127,-166,-153,386,243,40,-209,24497,71,-11,-137,1,-416,808,-103,-106,-3,27,73,0
-332,-310,-309,341,-352,-434,-490,-460,108,-338,-1301,-302,-1907,-357,-442,203,-414,-434,16557,-232,214,-181,16,-527,686,-91,-249,238,29,-62,1
-108,-458,-155,23,-226,-682,282,-254,468,-402,-657,-544,-982,-518,349,488,-56,-76,-2399,342,-163,-107,87,-479,729,-316,-150,-79,31,51,1
-27,-216,-67,74,-53,-684,575,-288,-504,-222,-354,-913,-797,-773,-144,-234,54,-470,37442,-31,118,-217,39,-1267,-3117,-261,-236,133,169,7,0
-66,-28,189,372,-283,-724,-158,-275,211,-518,-264,-669,-939,-185,255,303,-27,-247,22350,31,148,-202,-36,77,-508,35,-58,31,-26,27,1
-70,-283,212,208,-267,-305,238,-214,91,413,-53,-547,-47,-173,5,215,-185,-231,14678,-66,-177,-133,-23,-112,1070,-56,-91,87,18,-57,0
135,-152,480,124,33,-472,673,-106,74,464,-676,-404,-558,41,248,141,124,-286,5448,-249,-138,65,72,494,-62,-205,-144,-42,51,-82,1
-84,-129,91,-133,-417,-566,-549,-208,213,-136,-43,-964,-919,-334,108,212,-90,-505,31509,-127,95,-23,143,154,94,-144,-236,-122,-35,-110,1
-130,-1096,535,355,129,-999,-718,-74,10,70,29,-1418,135,-405,242,334,-160,-1106,55731,278,563,-57,62,-24,-303,-55,-389,-321,-131,-127,1
-184,-302,88,69,-689,-544,185,264,328,1025,-818,-1547,-265,-146,229,952,-532,-843,50909,177,421,-317,-81,-163,-235,-44,-91,-302,-231,-267,0
-227,-46,78,247,209,-347,472,-135,173,474,113,-456,57,-153,410,-70,-374,12,-10332,-274,15,-47,-27,-632,-101,-190,-196,186,-46,-186,0
55,-332,-116,188,-24,63,172,-247,-23,104,325,-725,-647,-65,57,346,47,-224,26381,-223,-95,-305,-54,-501,64,-121,-14,-59,-25,-101,0
85,-145,175,155,-100,-237,-129,-152,-166,-216,34,482,-115,6,-109,271,-106,292,1860,-494,78,-51,-88,-568,-151,-160,-89,-166,-37,-129,1
352,-159,-61,283,115,131,536,-161,107,1104,193,1075,-441,-182,424,491,-239,-380,11386,14,301,5,-6,-521,1031,-104,-397,-245,-143,-245,1
-42,-317,167,399,114,32,1072,-285,-64,144,646,-281,-498,-431,-77,230,-78,-367,36550,102,5,-300,-74,-999,578,-75,109,-103,12,-53,0
-209,61,-200,528,-578,-735,-389,-319,200,190,-147,-623,-597,-108,132,181,-124,-1264,16726,-127,363,58,-25,-348,-642,-216,-157,-42,-99,25,1
-333,-218,641,266,35,106,215,-467,119,-374,-364,-81,-1464,-385,352,258,-337,-108,29654,1,-140,-11,-73,340,798,104,-81,-205,-24,383,1
-297,-36,-157,-36,-428,-280,836,17,-112,63,-548,-544,-902,36,395,-68,99,-231,54528,-267,215,-64,110,131,187,118,-20,74,-28,-97,0
-134,-379,61,94,-463,-761,376,-337,333,237,124,-1319,-1144,-73,221,107,-301,-943,33295,146,232,-206,-79,-290,-427,137,-44,47,-8,-34,0
0,-38,112,203,-199,-340,689,-340,48,55,-27,-653,-253,-47,272,293,-117,-244,14089,-248,69,-220,32,-203,-647,-32,6,177,-23,69,0
-34,-275,-248,36,-338,-542,-32,-412,80,620,251,-1325,-704,161,353,68,-62,-1029,20471,-295,163,-208,-54,-332,-746,11,-154,43,27,-239,0
-184,-196,371,412,-380,-567,-550,-333,90,317,-297,-425,-879,-258,62,459,79,-363,36529,-161,241,-116,-38,355,-813,144,-161,-56,87,26,1
-90,385,-109,100,-262,-629,-203,-451,-16,-185,-233,-1073,-847,-293,-458,337,51,-481,24142,55,443,-61,93,-750,-770,-208,81,172,-4,0,1
137,-9,-316,169,-781,40,614,-237,360,680,234,-1136,-849,-39,-282,282,-374,-642,24860,703,678,55,37,-1328,466,-403,90,-385,-110,-67,1
-273,-53,-98,178,-354,-192,-184,-228,8,9,341,-549,-806,-156,260,285,-243,-156,44577,355,283,41,68,-321,638,-100,-108,-15,19,-152,1
-329,-128,73,376,-34,-690,633,-242,421,193,6,-92,-545,-209,205,128,-141,-473,25256,162,742,-344,-58,-404,579,-198,26,-18,12,-62,0
-165,7,110,194,-97,-498,74,-27,-57,666,415,-478,-328,72,-82,-120,-317,-370,54613,208,48,-176,-12,508,-137,45,-246,-10,77,-124,0
-326,-374,352,480,-91,-3,943,-390,337,-240,-432,-328,-1596,-45,481,94,-42,-107,19278,-77,135,-177,-71,121,512,171,-92,-92,-46,185,1
-6,-23,7,98,-82,-222,-172,-142,99,176,-14,-528,-164,-348,-538,178,-36,154,35942,230,-28,36,-86,-397,-95,-43,-147,23,-16,35,1
-541,-316,0,139,-206,-475,621,-129,-366,37,-735,-199,-644,-787,344,-145,455,197,23003,-601,-223,-161,96,-1287,-3395,-223,-292,-15,167,102,0
163,-203,-57,247,-139,-464,-188,-145,103,-684,-276,-983,-323,-174,-489,737,19,-236,23365,-56,133,-60,-94,12,-182,-107,42,172,-1,43,0
-77,-768,77,520,-199,-839,-896,-117,-33,-176,-118,-1176,1081,-551,320,443,-185,-1330,62294,94,484,-148,26,-771,1236,-161,-256,-368,-63,11,1
67,-505,-334,-65,-449,-486,-1528,-416,105,-197,-1251,-1073,-662,-173,-182,-351,-210,-476,27770,187,199,-31,-113,27,-309,-139,-109,115,58,76,1
-11,117,290,144,-375,-516,-1234,-42,-187,204,483,-1249,-1695,-193,222,376,-206,-432,3385,344,101,-190,-32,-930,524,-65,-174,64,-18,-19,1
113,-604,-106,-2,-455,-605,534,-233,120,357,-128,97,2,-551,275,131,43,-521,-2521,153,-109,-211,-93,-282,-610,-121,-35,-52,155,-48,0
-274,73,-345,-100,-124,-625,-282,-142,180,-646,329,-798,-662,7,275,204,-48,-379,19999,32,237,16,-90,-10,-505,101,-235,126,-94,49,0
-32,-343,352,-206,-7,-389,822,94,-23,-511,-114,46,-348,-60,537,272,102,-221,18437,-155,-238,-168,55,-529,486,-320,-89,-29,-30,82,0
-143,140,-147,222,-231,-754,275,-218,-107,-62,-305,-1021,-1074,-239,-439,280,-264,-434,-2125,223,246,-66,3,-403,303,-251,-1,158,2,-93,1
-230,1,73,26,-330,-551,178,-13,268,-109,109,-951,-794,-359,298,231,-118,-372,35197,-229,47,-2,115,103,-128,-78,-401,-63,27,-151,1
-428,-435,511,-16,-389,-687,-346,-314,43,202,-627,-1038,-194,122,429,175,-366,-651,-5899,224,656,-97,147,572,-85,-86,76,-101,113,-89,0
-401,-260,-109,496,-375,-735,-1111,-321,453,-328,249,-623,-458,-365,290,666,-116,-975,33301,232,312,-125,-21,-37,-22,-172,-52,70,35,44,0
-79,-190,161,-100,-187,-534,-237,-262,466,-123,-363,-1067,-927,-500,240,282,-125,-719,38041,-256,-45,15,123,131,330,-168,-173,-160,-124,-128,1
229,3,134,222,-503,-516,-711,-61,105,143,-131,-321,-347,-34,-135,-88,-291,364,36711,200,315,54,-110,-20,716,-136,-308,-262,1,-138,0
-228,76,-101,405,-150,-777,-405,-213,76,673,46,-1547,-952,-193,179,921,-142,-1232,23525,378,680,-136,-52,261,719,-93,-158,-271,-31,-11,0
73,-164,149,95,-237,-229,-88,-419,-21,-14,8,-203,-905,109,-189,396,-166,-809,23556,-67,234,57,-68,-320,-381,-45,50,62,88,92,0
-235,77,482,377,-96,-824,622,-141,106,-121,293,-284,205,45,447,83,-262,-944,16629,-44,-160,-74,-110,-481,1177,110,-60,-278,19,-118,1
270,-638,177,336,-146,-444,-710,-16,22,251,310,-1027,601,-585,432,405,-158,-1514,39252,-77,473,-175,27,-608,-8,-106,-279,-307,-3,-12,1
104,-205,298,254,-53,225,-16,-66,114,-132,117,-498,-272,-44,-4,245,-27,-448,44944,-17,50,-23,8,-464,-177,-51,-160,277,14,-124,0
-138,-216,121,275,-412,-466,-775,-223,106,270,-150,-141,-98,69,-311,359,-222,-174,15753,155,-133,131,-38,108,6,-107,-10,-33,35,-89,1
-135,-93,-104,159,-120,-569,330,-35,55,1698,-380,-1456,-168,-341,114,412,-137,-69,25925,353,322,-122,105,-609,551,3,-115,-32,-33,59,1
-195,-137,137,346,-386,-549,-529,-419,-19,16,-111,-846,-551,-63,562,255,225,-148,17878,33,79,-209,46,-945,174,-61,-294,-158,-81,115,0
37,-184,-90,138,112,-769,962,-503,-514,211,-137,-752,-1063,-676,-96,-236,96,-589,48812,114,-53,-208,84,-952,-3563,-248,-319,260,57,-44,0
-287,-376,322,-163,-320,63,-836,-208,147,149,-487,-1335,-468,-614,93,-121,-120,187,78756,31,76,-65,8,304,139,-163,-182,17,178,182,1
-204,-216,119,317,-17,-153,445,-105,-76,-412,376,-979,-77,11,387,119,-200,-377,33819,144,-319,-136,-53,307,1174,-128,26,-254,-8,-59,1
-230,-205,61,281,-434,-537,-201,-182,127,-13,102,-1625,-276,-252,811,751,-134,-666,17899,-113,-163,-191,-17,-264,455,-118,-231,-16,102,-74,1
-77,-271,605,513,19,215,388,-501,-13,-145,-401,-322,-2006,-571,3,357,-201,95,5273,-265,292,-88,32,387,949,131,93,-134,-173,304,0
-346,51,-306,507,-693,-553,-648,-260,238,307,-38,-684,-493,-235,-113,192,-167,-1155,9764,-183,498,198,-89,-449,-759,-241,-141,-120,-47,24,1
-210,-306,33,367,-269,-466,-115,-166,152,-506,499,-781,-296,-217,444,31,-142,-572,17490,151,93,-259,33,-374,397,-205,-240,35,-7,-30,0
-104,-115,6,191,-193,-291,-108,-19,70,102,83,-763,-28,-43,275,139,-181,39,19414,-152,209,-151,-36,126,415,-129,-113,119,-18,-30,0
-263,-93,276,407,-310,-738,189,-368,266,155,-868,-361,-1053,50,-35,6,80,136,27545,-265,66,121,-67,226,1689,7,56,284,-51,81,1
-158,-290,-349,519,-393,-341,-185,-392,90,94,143,-113,-3,-93,216,177,-4,-576,100568,-375,153,-136,-42,-576,395,127,-145,-26,-62,136,1
86,-594,-245,4,-488,-478,-1364,-434,185,342,-1353,-855,-283,-206,-186,-399,-185,-587,33949,566,55,-31,-114,-157,-636,-224,-160,77,15,16,1
-276,-242,297,298,-306,-350,-180,-133,-171,864,-274,-700,-672,49,-273,186,-3,-9,40716,-18,115,52,50,154,-10,-104,-58,-102,57,26,0
-128,-90,-30,193,-76,-212,-93,-295,187,95,-163,-209,-553,45,59,199,-124,-124,15449,91,124,31,-41,204,210,-75,-200,-65,29,-51,0
-306,-217,-202,352,-217,-518,-249,22,114,862,219,-614,-1041,-494,172,513,-7,332,67882,-110,584,161,130,-900,599,-83,-144,-85,-124,-31,1
-373,110,-113,336,-272,-370,-193,-70,313,-91,-203,-402,-387,-473,-585,248,271,-853,45628,20,187,-260,139,-460,-212,-226,-224,-61,-126,-186,0
-167,-41,-251,170,-276,-126,-153,-196,-202,360,-549,-1158,-841,-553,-46,309,-75,506,40446,144,-228,-44,-47,-407,1042,-62,-211,-219,-59,-106,0
268,299,172,399,-283,-584,-256,-186,126,431,-239,-677,-700,-206,-493,-6,-164,-264,35422,-97,23,3,21,-385,-139,17,-133,124,-179,-174,1
-13,-72,-273,-49,-247,-292,42,-257,-230,59,91,-561,-591,-274,8,-117,-76,115,40621,97,-106,-139,86,102,-621,-156,20,49,128,-41,1
-65,-553,10,-172,-585,-388,252,30,326,-453,397,-678,-630,-199,324,169,-97,-313,14284,-8,263,-147,107,39,-303,-56,-92,-52,3,-124,0
-412,35,158,-42,-286,205,1101,-214,169,-367,-125,-604,-954,137,275,-51,-192,-215,728,-932,-41,-446,54,45,216,112,-285,365,-57,-126,0
-92,-161,198,421,-22,32,684,-161,-87,-491,392,-492,-105,189,260,423,-264,-419,41905,35,-479,-107,-70,16,1719,-86,-53,-205,3,-1,0
-96,-574,173,353,-506,-374,-686,-70,-336,84,-131,289,-844,72,568,56,-11,-646,64839,66,-39,2,-44,-835,-720,122,32,-35,35,37,1
116,-164,11,162,-166,-41,-227,-120,161,147,-57,-475,-669,-269,258,480,17,-673,26619,-374,-170,-125,26,-367,390,26,-148,-108,-10,22,1
-193,-34,72,278,-132,-346,-121,78,-79,-56,346,-503,-469,-95,-197,41,-59,32,-4432,-8,-85,-65,-61,229,-812,-102,-169,-265,-52,-158,0
-89,77,-162,-61,103,-545,-407,-183,-8,161,386,-86,-229,-214,-154,-218,-22,9,35072,-24,-77,-199,-4,-340,-278,-180,132,131,-34,-8,0
-342,-241,406,235,-246,-671,560,-267,-58,965,-119,-760,-108,109,358,195,-276,-395,32431,128,508,-41,59,293,-97,38,124,21,72,-21,1
78,-208,392,285,-195,-463,-622,-220,242,-257,-51,-1186,49,-54,-91,-113,28,-368,16477,208,326,-1,-126,-378,-357,-64,-165,178,41,79,0
162,-38,194,115,-219,-429,-926,172,-152,-17,-137,-708,-1281,-236,-307,405,-25,-351,34298,134,22,-157,69,-856,180,-133,7,133,-75,-54,1
-175,-72,231,375,-38,-538,249,-42,21,-653,231,-522,-453,-291,259,-56,-311,10,14953,-410,365,-32,58,-157,-232,-208,-111,-115,-62,-195,0
-259,-578,378,660,-39,125,1124,-66,317,-53,-400,-99,-1534,-17,687,231,-84,-51,22504,-269,200,-179,-152,-171,347,154,-64,-63,-65,273,0
-94,-166,-201,198,-14,-394,-906,-238,79,-113,-97,-236,-168,205,462,458,145,-73,25556,31,503,-57,183,16,1000,57,-60,-219,-78,163,1
35,-364,122,321,-199,-212,267,-382,330,-189,-832,201,-1196,-68,-256,432,-280,-142,77038,-207,-98,-39,33,-543,1194,106,56,-76,-14,-137,0
3,-392,262,401,-639,89,-1186,-141,237,448,-121,-850,-752,-97,507,-290,-78,-580,70899,310,298,11,24,-241,-48,-245,-11,-134,-4,65,1
-259,-231,-49,149,-194,-593,273,60,-164,81,-241,-1087,-237,500,215,745,-17,-473,25946,123,245,89,-90,-188,-75,-89,-281,-37,153,-247,1
-895,-322,385,750,-841,-804,64,-252,-19,-77,-445,-1051,-735,-722,102,43,318,-215,23933,271,-383,-138,185,-1194,1197,-300,-148,112,51,-245,0
-813,-450,435,877,-1154,-569,-195,-58,11,-260,-554,-1229,-802,-720,104,-143,351,-415,31780,373,-594,-122,216,-836,1771,-277,-99,-69,104,-281,0
-29,-121,100,378,-612,-569,514,-502,216,-5,-805,-713,-1304,-56,249,224,-55,305,48473,-199,-6,83,-137,-638,1209,107,115,74,118,81,1
-177,126,489,418,3,-703,487,-343,155,-152,275,-134,-115,-88,636,-337,-261,-1007,-1835,146,-36,15,-163,-618,1659,123,-4,-391,62,-181,1
-366,-25,-241,250,-329,-587,-328,-190,323,-67,185,-135,-42,-375,143,84,-229,-933,2560,-150,51,11,23,-413,-1016,9,-91,76,-9,-37,1
-275,1,43,349,-314,-629,362,-9,-74,380,380,-585,-168,113,37,-191,-269,-487,61104,202,5,-222,-64,779,-228,84,-152,-118,18,-151,0
72,114,160,239,35,-724,-101,-216,143,104,-2,-1432,-1692,-285,955,311,-128,-1265,-33057,73,548,-243,45,-718,522,-15,-172,27,-54,287,1
-39,92,107,268,-184,-421,430,-498,-63,337,60,-354,-603,-148,29,14,-184,776,45048,9,-163,27,98,-231,98,-24,-67,-231,-61,-27,0
-102,-50,-165,201,-253,-403,-361,-172,136,300,329,-1033,-261,-209,183,252,20,-101,12770,149,139,-289,-114,-742,41,40,-115,218,37,24,0
190,-21,122,419,-444,-435,683,-703,233,528,-373,48,-1179,249,-23,-188,-116,391,50625,-54,-477,-25,-105,88,654,-12,-19,448,13,118,1
49,-471,208,508,-329,-230,694,-100,92,334,-224,-182,-436,-498,41,833,-278,-717,52329,507,330,-199,0,149,-577,-113,-111,240,-25,-105,1
286,-148,-82,240,10,102,140,-118,213,1100,-214,879,-166,183,458,80,-234,-631,35919,228,237,21,64,-314,1210,-92,-368,-147,-79,-126,1
-199,-354,47,174,6,98,-2038,-96,-122,281,-754,-871,384,-65,-23,-92,290,-82,74750,-123,349,-175,100,165,1213,-9,-103,-125,313,80,1
-124,-100,-133,210,-75,-505,-243,2,252,-209,-147,-563,-133,-57,173,200,-12,-295,18526,77,184,-33,84,211,31,18,-143,-43,49,-72,0
-39,-293,351,-145,-88,-783,-862,-323,158,-31,-154,-1189,-165,-54,82,204,95,-434,13746,-1,261,-14,-155,-372,-787,-97,75,127,87,167,0
107,-303,174,194,-392,-315,161,-690,61,315,-560,-748,-635,-168,-210,-105,143,-602,27167,217,277,-127,52,-724,-251,-109,-85,-114,-63,72,1
-129,-93,-133,303,-475,-323,-434,-257,165,350,317,-594,-581,-265,17,290,-101,-360,40625,-193,160,-71,-1,-108,236,-29,-229,75,-17,-61,1
-112,-153,61,236,-10,-180,-65,-182,212,195,-523,-196,-170,20,230,50,-189,-120,12200,-40,437,37,-46,190,-89,-103,-123,16,59,-35,1
-42,-49,50,408,94,-426,-568,-110,128,471,808,-796,-356,-300,-90,26,-181,-177,50214,-390,393,-39,4,-487,-807,-167,-235,82,-12,-46,1
-241,-359,-50,-54,-454,-481,-910,-546,82,-39,-1194,-876,-1706,-222,-181,255,-252,-47,18259,-74,121,-106,3,-156,215,-231,-190,-27,81,-65,1
-319,-391,-156,371,-188,-1091,199,-324,63,278,94,269,-455,-288,297,442,-126,-358,25637,85,558,-287,-37,-88,616,-215,-25,124,146,5,0
-261,-338,283,391,-576,-478,275,-444,163,-66,-456,-535,-1515,-204,310,468,-60,-556,23115,297,176,-61,61,-40,38,-91,-89,27,-136,190,1
84,-96,-22,244,3,-1005,-566,-256,140,486,164,-1697,-1688,-304,842,623,-140,-964,22350,373,997,-176,128,-190,55,84,-174,-271,-42,302,1
-125,-386,312,369,-83,-621,-704,-8,388,152,-693,-992,-341,472,276,72,-92,-255,15319,-31,-305,-22,-43,-58,184,4,-329,-148,38,-21,0
-408,-321,61,662,-314,-796,-784,-339,200,-3,-703,-1296,-913,316,85,918,32,179,-19263,23,-223,-45,-11,-174,-1343,-144,-211,84,-32,111,0
113,-119,-279,-205,-66,-100,725,-193,-7,-273,-250,-883,-434,-614,39,32,-74,467,41066,247,-407,-49,50,235,-644,-95,-19,138,91,-71,1
31,-38,-434,495,-96,122,279,51,355,590,45,-97,-621,-25,242,396,-104,220,30273,-118,-8,-117,30,-114,51,-146,-260,16,-124,16,1
-104,-311,106,18,-414,-347,-740,133,102,-49,-210,-230,-449,56,241,230,26,-256,-6500,-186,-58,-147,22,-184,-666,-16,-53,79,21,-7,0
-610,16,398,264,-369,-649,-87,-117,46,-37,437,-1008,-1068,-320,502,216,-313,-1015,33902,84,819,-322,56,-553,1055,-117,-357,14,-130,-37,0
-392,23,-216,370,-21,-937,837,-358,388,333,-100,-329,-241,-224,107,109,-199,-449,8823,-18,789,-412,-45,-451,433,-191,18,7,-49,-51,0
-34,-225,-22,218,-375,-568,1165,-410,137,394,-811,-334,-1575,-261,25,-348,-209,140,-6082,-283,-330,-53,-37,-552,1391,54,235,282,140,155,1
-86,-111,57,60,-111,-186,-337,130,126,602,-135,-591,-458,-244,97,163,-27,-471,4009,-59,133,-64,5,42,6,-170,-96,6,21,-46,0
94,-153,204,330,-287,-323,-274,15,71,145,189,-545,-670,-233,-8,210,-120,271,41891,223,360,-90,-92,134,330,-173,-118,-150,-94,-82,0
-515,-427,247,43,-640,-220,359,5,415,317,-619,-1701,-754,-126,-376,439,-434,-1086,24787,404,159,-251,6,20,860,-71,-123,-109,-34,-123,0
-18,-125,87,273,-452,-506,731,-184,-134,165,102,-984,242,125,135,104,-84,-401,-5596,97,338,-274,-68,-290,131,-144,-77,-116,29,-73,0
24,-396,246,348,-148,-44,427,-336,227,-54,-956,-499,-1012,-131,-299,286,-81,371,72472,-17,-40,5,14,-716,1621,117,216,114,-135,-132,0
-167,-211,696,430,-9,-91,237,-292,61,18,-417,-364,-2168,-406,413,41,11,-412,2913,-289,193,-61,-13,269,304,45,-108,-94,-144,201,1
-184,-399,-360,-373,-625,-757,-1324,-359,139,-404,-1322,-1199,-708,-371,-486,-237,-190,-576,40108,194,312,-134,-135,169,594,-157,-205,44,26,10,1
139,-21,143,203,46,-43,-539,41,11,-522,77,-660,568,511,-253,-82,184,-265,20735,-129,32,-103,4,-313,293,-4,11,304,-94,-77,0
74,-260,112,450,-234,-364,-451,98,4,21,425,-441,-710,27,169,246,-125,-98,32932,-50,132,-159,-24,-278,474,-165,-25,-34,-121,-119,0
-66,-303,-298,-177,-53,-218,196,-268,-329,240,76,-902,-666,-144,315,-173,-246,-134,29349,381,70,-87,84,-250,-588,-75,-81,-30,164,39,1
15,-150,62,75,-177,-137,117,-216,-166,310,-219,-565,-343,104,758,-255,58,-23,21686,-263,-55,86,22,421,11,-64,-135,-20,-9,50,1
-371,-211,169,590,-456,-386,-129,-599,304,-26,-470,-259,-1633,-56,224,601,95,-559,27855,183,15,31,-38,12,436,-91,5,88,-49,205,1
-159,-341,-292,-10,-249,-729,105,-332,311,-45,-257,-1790,-1339,-105,-43,93,-224,-885,-3843,107,-45,-267,47,-755,-791,-302,-402,-19,-66,162,0
-129,-86,-48,281,305,-558,-102,-40,-79,404,-25,-163,-389,-362,-228,-109,168,-149,23158,-641,-264,-35,62,-2145,-2325,-231,-194,73,105,-106,0
-31,-167,61,146,-180,-330,-237,-192,-155,-21,0,-180,-127,-73,109,11,10,68,-965,193,37,0,49,464,962,-61,-6,-38,-175,55,0
-186,-226,137,515,-292,-766,502,84,245,66,-140,-723,-435,-167,227,149,-124,-350,21880,-41,465,-266,-47,-561,618,-256,79,-2,-1,-65,0
103,-367,-5,130,-334,-342,688,-113,-160,653,110,-781,162,-346,207,418,-50,116,25984,165,-160,-77,-166,-172,-249,-203,-23,-60,-27,90,0
21,-125,149,224,-493,-467,-1,-484,499,176,-700,-1068,-1409,-152,277,252,-88,211,49728,-218,7,52,-58,-402,1370,-18,88,85,70,146,1
-198,14,-75,134,-397,-358,286,-158,208,-114,-167,-1211,-1132,-159,330,511,-145,-190,32707,-157,192,8,88,110,15,-69,-449,66,6,-188,1
-129,31,-81,292,-161,-817,-1585,-411,134,-242,-408,-306,133,575,191,333,140,-280,21912,167,223,58,136,-153,957,-44,79,-100,-107,172,1
-420,-408,-7,-47,-137,-796,-479,-61,-49,25,255,-897,-622,-208,566,359,-320,-1222,26914,147,-35,-260,-41,-489,-11,-167,-183,68,109,-69,1
-223,-219,-143,377,-268,-395,-371,-41,128,177,420,-780,-984,-238,275,358,-241,-1043,39099,-213,594,-143,36,-622,305,-192,-187,86,-184,24,0
-33,-110,222,6,-621,-598,868,-119,19,1164,-339,142,427,-106,-418,233,-96,-495,17232,-109,499,61,68,-253,417,-27,-200,115,-10,41,0
165,-30,-252,3,-241,274,-465,-437,-151,435,618,-573,108,-74,197,-326,214,248,50390,-481,34,39,230,246,-726,78,71,-92,106,149,1
120,77,-300,-82,75,-135,608,-350,-138,-306,-238,-668,-607,-521,-101,207,0,567,45178,166,-697,-73,-17,270,-730,-126,-60,223,131,-74,1
-405,-301,-323,78,-440,-608,1079,-310,73,97,71,-877,-747,-251,201,446,-328,-999,42034,-26,324,-34,13,-366,444,-129,-209,135,-61,-118,0
32,76,-108,361,-239,-474,-278,52,151,74,45,-939,-789,-376,-251,429,-30,-393,6581,-8,247,129,84,-685,-500,-245,-25,-4,-188,-25,0
-91,-529,-478,396,-560,-398,107,-41,137,378,-166,162,-391,-99,170,-50,-227,-799,48075,-45,8,153,-37,41,654,3,-87,-200,-75,42,1
-434,-6,-89,331,15,-427,288,-32,-48,-54,7,-41,-445,130,126,275,-135,-634,10871,135,83,-200,69,-379,53,-130,-92,-16,-96,9,0
52,-450,-216,25,-31,-698,178,-532,526,-197,-741,-900,-1044,-587,323,637,103,-372,16825,400,138,-178,114,-639,21,-372,-143,-6,34,-34,1
-207,-116,-147,122,-467,-769,-116,-289,48,-82,194,-734,-764,-506,-95,93,-169,-588,23395,-76,382,-275,44,34,-167,-7,-183,40,-37,-57,0
22,43,-428,542,-286,238,491,63,340,823,-202,283,-419,-192,170,487,-128,374,35679,-228,-150,-140,77,-790,40,-17,-331,-62,-97,23,0
-124,65,331,531,13,-439,-161,-17,-98,98,297,-497,-499,-130,-88,185,82,83,36890,43,-142,-3,-86,-22,-54,-90,-118,-121,13,-125,0
-31,145,-29,255,31,-481,-448,-468,-151,-662,-141,-390,-867,13,124,137,-186,-288,14823,-282,479,34,128,155,-41,-142,-361,331,108,-1,1
-242,-406,40,153,-321,-568,-437,-329,168,520,-55,-725,-862,-380,-89,147,122,-183,38276,3,355,24,66,-402,221,-293,-186,-30,-18,-112,1
-201,-85,42,176,-184,-647,705,-94,109,1356,-517,-1039,10,-126,-205,389,-86,-304,13735,191,391,-203,93,-147,1178,99,86,111,117,70,0
-191,-47,110,205,-393,-364,-690,-145,113,669,228,-690,193,5,-19,-141,-276,-74,18851,105,64,73,-23,-255,-426,-33,-46,23,108,-110,1
-85,-249,232,212,-171,-601,661,-332,42,172,116,-880,-836,70,498,36,-174,-462,15633,-67,181,-41,-16,-172,195,-13,-278,-19,58,-84,0
41,-24,-192,168,-437,-675,-44,-182,47,455,-75,-1134,-984,-160,-197,201,-292,-173,45037,-16,49,-161,57,-73,217,-85,-161,-47,-162,-171,1
-415,-487,-3,-4,-263,-556,789,-312,413,107,-145,-1498,-1169,-93,592,58,-210,-660,27582,-28,354,-170,-12,-77,-446,115,-134,-20,17,-21,1
-72,-372,-4,-69,-70,-756,-73,-83,-334,515,-292,-642,-643,-738,-302,-192,341,117,13394,-103,-183,-78,59,-1796,-2152,-234,-341,58,122,31,0
-95,-350,634,480,-46,22,568,-615,-32,75,-151,-235,-2303,-452,189,442,-148,270,13096,65,292,72,45,547,1203,176,62,-184,-205,232,1
106,312,-94,437,-350,-329,-1394,-117,-56,641,230,-169,-741,293,75,97,-134,-260,35487,119,11,-81,-49,29,-321,6,-280,-17,-296,-157,1
-287,-480,331,651,25,-558,-218,-28,40,147,121,-974,731,190,330,161,-347,-113,18184,-341,-194,-120,54,820,1554,-65,-101,-94,93,-25,0
-502,-407,102,-17,-142,-615,396,-388,423,282,-364,-1928,-822,-159,336,75,-234,-603,17847,77,-41,-142,4,-360,-779,121,-173,8,59,-160,0
-178,-323,-253,143,-286,-444,625,160,164,493,85,-564,-741,-713,130,468,-139,-433,-5016,157,336,-149,40,180,-294,-118,-153,-44,-37,-160,0
-87,-159,88,462,-96,-446,124,-376,102,266,185,-756,-236,-184,40,25,-72,-444,1468,-125,414,-109,-91,-83,317,-112,-46,-22,-105,-91,0
-301,245,-42,92,10,-469,-238,32,29,-14,-245,-749,-144,-292,63,241,56,-527,45706,-193,218,256,-102,-439,-47,-200,-60,-6,11,0,0
245,-52,276,147,-689,-211,-1385,-302,-107,-468,-541,-169,-1108,-713,121,393,-227,-677,24030,-105,169,-300,1,26,-285,-40,105,-205,-139,-197,1
-495,-412,411,281,-421,-548,400,-437,67,-3,-343,-350,-1293,-178,455,662,-192,-388,36437,441,225,-131,87,152,-114,-130,-178,-36,-140,69,0
-86,-227,-45,8,116,13,811,49,-35,618,-321,-66,-114,187,18,512,-166,-386,66517,118,-299,-235,99,-387,270,112,21,-111,-148,-160,0
-73,-241,36,-72,-150,-249,-185,-243,-37,-24,-293,-1311,-794,0,605,112,193,-123,-3954,-45,-157,-131,40,-280,1316,-68,-302,-49,-14,30,1
-382,-251,-25,232,-322,-87,-603,-105,269,-147,-97,-295,-405,-239,-4,544,9,33,37540,254,280,-98,-7,228,439,-160,-180,-35,-24,11,0
95,-43,-221,197,-280,-345,34,-198,199,-178,33,-293,-498,-405,362,289,14,9,14542,-147,347,-82,97,-86,765,-33,-211,-224,7,-66,1
73,71,198,322,-368,-745,860,-87,-162,307,-656,-788,-977,31,873,-209,-240,9,-10797,-100,-410,-31,253,-355,-255,-188,-103,15,-147,-96,1
-217,-102,457,555,-482,-230,-98,-385,-127,601,-651,-469,-829,-95,-37,-117,-191,-878,29494,261,754,-66,-16,-132,501,-114,-285,-7,-38,31,1
-61,-124,95,-163,3,-900,-194,-516,2,-48,641,-1237,-224,-288,404,-7,-191,-81,35260,396,163,119,31,47,439,-68,-226,-131,106,-85,0
61,-41,-30,50,41,-455,-79,21,74,120,12,166,-397,-357,303,189,-131,156,-7250,-221,198,111,-50,-172,147,74,-263,-71,57,-147,0
-254,-151,345,539,-400,-364,-354,-244,224,208,-645,-843,-831,-181,121,614,-5,71,-13606,18,-20,-4,-53,26,-1240,-75,-63,50,68,31,0
-321,-108,-36,15,-199,-466,-17,-31,-99,162,194,-57,-257,-100,-211,412,-190,-109,28105,65,280,-75,5,-71,-203,-34,-123,-34,15,-54,0
54,-553,375,653,-408,-301,-465,-9,187,-568,261,-1062,-74,-492,199,30,-11,-927,25203,-180,227,-318,140,-682,-692,28,-160,-48,-3,-45,1
-225,-407,-171,164,-242,-341,33,37,62,19,63,-1090,-273,45,328,111,-104,-303,1341,-76,-76,33,-3,-50,834,119,-166,-44,56,-57,0
338,-67,-26,28,-348,-67,151,-256,-41,-92,118,-111,-545,-139,267,161,-276,-310,38851,200,-285,-197,19,-119,-73,-3,-239,91,18,-328,0
-40,-152,748,618,-74,226,18,-154,-186,-271,-818,-15,-1589,-520,69,270,-84,28,34893,-92,-58,-153,1,3,867,112,37,129,-145,309,1
-114,-138,-61,257,279,-32,-211,-25,93,-45,203,-36,58,-74,-82,408,50,-32,14854,-174,266,103,-88,-349,-512,-207,22,191,3,28,0
-108,9,-177,-20,-145,-50,278,-280,-152,41,-18,-187,-802,-247,-156,-251,-20,-241,31915,-19,-184,-148,151,77,-673,-192,24,41,126,-75,1
51,339,-208,49,-307,-544,-185,-143,-192,-282,18,-785,-1533,-190,-623,834,-223,-931,30622,154,202,52,153,-676,253,-192,-69,64,-75,91,1
-58,-45,281,200,-122,-631,-245,-285,-120,434,493,-213,-259,-499,-104,325,-35,-47,-158,149,353,35,27,-524,211,-54,20,-194,60,-189,0
-246,-205,136,123,-337,-492,929,-147,50,679,-256,-929,-409,-432,-10,76,-167,-599,-6553,104,679,-59,123,61,-167,-173,-104,-95,-56,-198,0
-82,133,111,454,-185,-518,-677,-170,301,-272,11,-400,-1280,-179,179,570,5,45,18085,-63,353,-217,-41,278,-1315,32,-154,47,-85,25,1
-132,97,-83,317,-233,-626,148,-255,-82,554,245,-1585,-1276,-256,162,874,-4,-1411,43182,535,632,-16,-13,207,1122,-135,-204,-298,-86,24,1
-435,197,407,159,-530,-421,-118,-203,156,302,-524,202,-671,-192,144,-34,83,-1019,15614,295,169,4,267,-85,-357,-322,-194,-424,147,-62,0
-109,-2,-274,-36,-385,-780,-211,-268,229,-54,59,-437,-608,-343,145,96,-21,-41,23623,17,103,-59,27,167,179,9,16,215,-30,-52,0
14,65,-63,372,-236,-516,-270,-518,45,-12,364,-1208,-1049,-389,216,70,-127,-789,15642,34,230,-256,31,-559,-121,-65,-325,-116,-88,-100,1
83,-145,-148,237,183,-953,-519,-337,70,638,-7,-1745,-1634,-345,918,626,61,-626,22858,559,972,-243,96,-293,662,124,-164,-269,-81,295,1
517,77,112,171,-105,-455,-1610,154,-85,-57,34,-193,-2078,-84,-693,685,169,-672,-4019,253,290,147,62,-620,1062,-37,-205,172,-172,-49,1
15,60,-188,-7,-376,-396,676,-60,-161,-375,-16,-221,86,-303,231,-27,-209,-224,46212,-372,141,-238,66,312,-186,-84,-90,121,-63,108,1
-261,-303,-411,139,-355,-1021,162,-149,160,92,-195,-1344,-773,-5,-38,536,-155,-966,14067,182,-381,-329,91,-1054,684,-135,-294,108,-19,83,0
-319,-270,-173,31,-737,-728,88,-410,121,56,97,-806,-468,-319,-94,82,-112,-408,28611,552,285,-137,-20,-476,272,-195,-241,-226,79,-29,0
-126,-203,117,179,-84,-294,-10,-174,-9,82,-294,-107,-668,-186,249,204,-62,-698,35160,98,335,-46,108,-256,390,-137,-196,95,0,-91,1
50,-350,383,-227,-122,-606,-497,-374,-21,-245,-363,-991,-275,-24,77,407,61,-293,-4485,151,165,35,-146,-604,-638,-94,80,-4,62,136,0
-120,-342,-18,362,-323,-546,-237,-345,217,-130,-661,-421,-368,-418,363,386,-76,-293,7002,122,-11,-110,40,-386,252,-148,-192,-110,-104,48,1
-469,-112,113,259,-23,-526,57,-332,99,-263,-489,-439,-477,-435,-185,-29,68,-651,12814,-109,42,-223,118,104,222,-241,-138,-100,-146,-133,0
1,-341,130,71,49,-555,222,-182,-294,246,334,-854,-180,-6,58,60,26,-528,24917,35,-247,-129,-104,189,1822,-163,238,-190,54,4,0
-61,293,-182,129,-181,-654,-3,-433,214,-287,-197,-1372,-988,-484,-664,159,30,-380,21338,86,592,-125,94,-865,-779,-171,-4,96,-22,43,1
-85,-754,184,485,-379,-627,-954,71,-274,181,-276,303,-893,219,636,-175,-119,-430,72244,-174,-11,-142,-43,-691,-1554,64,91,71,102,13,1
-216,-213,-168,494,-170,-765,-138,-238,120,608,283,-1749,-1383,-461,324,548,-197,-1117,27716,198,502,11,-19,-556,192,-100,-337,-9,-119,-61,1
4,-145,81,381,-250,-416,392,-130,-42,4,-283,-1114,29,-329,-23,248,-115,-130,29404,-59,220,-78,-37,172,-650,-152,-60,88,118,36,0
-187,-370,-174,-35,-654,-533,461,-176,411,779,-197,-643,-884,-742,-39,572,-85,-335,27502,239,604,-335,-2,668,-570,82,-375,71,-28,-118,0
-596,166,365,143,-486,-438,-97,-296,122,224,-650,-68,-807,-282,290,-25,184,-855,-208,117,68,50,196,-220,-77,-288,-276,-395,41,-63,0
201,82,-279,230,-942,-54,-148,-303,252,385,145,-1359,-984,41,-335,179,-406,-718,29094,440,739,23,17,-1341,503,-358,162,-404,-29,52,1
165,177,-307,168,44,-174,1167,-102,68,17,-2,-155,-479,-260,375,527,-30,-479,23037,-239,-70,-53,-22,-312,-386,2,-38,-62,-130,14,0
-176,-122,-51,137,-107,-433,5,-58,-145,103,-106,-1260,-545,178,-189,488,-179,-514,49904,-42,161,-14,-2,152,506,50,-63,9,12,-84,0
271,-185,-317,418,-264,-723,-125,-466,347,-31,302,-493,-376,-334,396,270,258,-452,28032,114,510,-264,130,-513,667,-139,-112,-96,115,-52,0
-522,-14,145,-197,-629,-53,-344,73,23,428,-416,-737,-876,-351,306,-271,317,-127,48681,255,314,-71,117,-13,-1346,-142,-213,-187,128,-165,0
-192,-252,-320,389,-386,-527,-89,-683,226,-988,-391,96,-1247,-49,-27,465,-311,-319,15753,-215,184,-185,-76,80,-536,163,41,2,-108,-25,1
-49,-97,123,328,9,-429,208,-366,0,-918,77,-375,-702,-16,200,-16,-73,-326,9958,-249,674,-41,108,25,-51,-150,-371,414,115,-16,0
-218,98,-154,398,-260,-797,-590,-129,-59,1143,206,-1967,-1403,-105,271,490,-65,-823,6706,293,634,-167,153,-175,408,-131,-233,-142,-51,64,1
82,-316,214,303,-11,608,-242,83,142,-283,113,-253,-329,-183,348,443,-62,-334,54897,-135,-81,50,-15,-597,-421,-63,-180,302,70,-67,0
-110,-402,-305,250,-369,-605,-177,-337,329,-81,-678,-569,-521,-295,-156,356,-63,-226,10229,306,404,-98,-23,-687,93,-157,-285,-115,-121,23,1
124,-280,-27,430,-182,-160,362,-203,-97,96,-1116,-97,-962,-58,279,286,-178,-23,84895,-60,264,-39,96,-207,397,131,115,-2,-158,25,0
48,-107,127,290,121,-1072,93,-297,259,207,65,-1908,-1986,-101,632,356,-64,-1639,16568,245,606,-138,31,-677,1228,5,-81,-173,-70,241,1
-66,-109,-78,342,-487,-477,226,-77,-182,109,253,-543,-43,98,-117,253,-17,-632,-2076,28,58,-93,-80,7,483,-226,-71,20,22,-49,1
-174,-362,37,8,-376,-777,-566,-187,400,-158,-133,-602,-296,-116,-203,3,203,7,6293,330,249,-110,-134,22,-552,-144,-153,45,98,-74,0
149,-336,109,6,-62,-370,-338,-101,-100,251,-189,-367,-223,-200,-37,-339,-91,38,-1539,22,-138,-13,59,343,1226,-18,65,40,-194,56,1
-82,125,-212,595,-459,-476,-182,-402,214,-523,17,-602,-754,-308,326,483,101,-628,10036,115,380,-178,127,-144,331,-45,-143,51,73,-86,0
-29,-407,104,266,-529,-385,119,-307,53,110,-55,-839,-1062,-340,25,158,-119,-230,10330,424,14,-80,31,-217,405,21,-282,-175,-141,32,1
123,-328,126,371,-15,557,142,132,212,-769,131,-140,-462,-351,477,420,-12,-436,55126,85,-177,105,4,-975,-493,-51,-202,298,90,-147,0
-205,-410,-336,194,-386,-872,9,-410,304,5,-710,-1209,-1205,-115,395,160,-398,-343,6421,580,6,-288,-44,-511,-313,-173,-182,331,-4,-6,0
-96,273,78,1023,-297,-265,477,106,281,38,139,-750,-750,-273,530,389,-48,-327,46851,58,152,-157,-98,-464,-345,-64,-361,-26,-262,-19,1
-88,-133,87,224,54,-705,918,-456,129,324,-470,-233,-1782,119,186,-362,-222,-87,7527,-19,-241,69,-143,-765,1031,21,88,273,92,156,1
-84,-78,106,96,-128,-189,-338,-156,168,-487,-208,82,-378,-43,285,25,-188,186,54092,-77,400,91,75,-297,-671,55,72,7,99,-70,1
-289,-579,25,121,-109,-107,-498,-159,-312,14,99,-330,-818,248,258,-54,-39,-219,91154,-85,88,71,-58,-594,-1034,132,63,-59,-10,-151,1
-249,-8,-301,235,-167,-448,227,-381,273,-848,-4,-1170,-725,-360,-107,672,144,-366,27254,-360,329,-53,143,-368,643,-196,-214,-23,172,-154,0
-18,-124,105,240,-6,-338,-381,-286,141,-313,26,-224,-680,-72,419,-67,-210,-94,51609,-184,395,36,176,-405,-1154,21,123,-61,92,-48,1
-69,-249,65,136,-232,-188,-367,-124,136,-406,-185,-941,-392,-189,160,376,-61,24,28453,53,78,-129,22,97,383,-172,7,8,86,13,1
-41,-330,276,271,-757,77,-1291,-179,395,250,398,-803,-325,-355,517,-187,-136,-606,69219,226,119,96,1,115,-283,-197,-15,-204,236,-2,1
-41,-1018,543,475,431,-892,-918,-59,-171,200,18,-1645,-3,-281,-16,271,-123,-1312,63446,277,511,-126,104,-123,-164,-91,-394,-282,-278,-78,1
-63,-19,63,230,-707,-573,623,-379,251,571,-695,-492,-1319,460,239,122,-18,-370,14047,-197,-29,10,-114,64,1050,1,93,356,289,165,1
71,-164,-105,4,71,-756,1066,-729,-770,-76,-58,-870,-895,-616,3,-289,137,-546,56742,187,-299,-255,46,-968,-3625,-286,-249,219,81,-126,0
-126,-37,-258,99,44,293,201,215,276,451,-189,-19,144,-218,299,43,54,-135,32734,49,88,140,-10,-165,136,-175,-152,78,-68,-81,1
-344,-297,-64,-116,-643,-539,1005,-127,470,267,413,-1755,-611,-241,120,363,-35,-572,2172,-64,442,-93,-11,231,450,153,-299,-86,-51,-190,0
-237,-342,681,372,-30,-308,311,-337,-115,209,256,-395,652,21,178,183,-124,-672,10320,412,840,-32,7,571,1212,-59,-112,-4,91,-186,1
-118,-33,8,439,-90,-737,1230,-408,171,142,-833,-75,-1916,235,281,-384,-10,120,-16605,86,-360,-72,-147,-399,927,176,125,278,183,238,1
-88,-36,44,421,-134,-1037,1088,-448,173,111,-1031,-247,-1710,230,161,-186,139,115,-8708,95,-40,-15,-170,-817,588,179,119,270,124,102,1
-217,-265,118,484,-473,-516,491,-326,103,630,-155,-1003,-147,-55,557,-29,-264,-200,35459,426,395,-96,88,557,746,117,-182,10,-26,-89,0
-50,320,-171,-104,-236,-11,808,170,-295,-71,-235,258,-1655,302,239,283,-52,59,41136,-230,62,-124,69,360,602,46,-97,307,-76,-45,1
-583,-223,34,219,-16,-411,42,-322,162,264,-231,-583,-380,-346,-299,82,185,-437,20162,-268,146,-230,132,-86,512,-240,-136,-163,-61,-103,0
-190,-84,342,293,8,-867,674,81,-422,289,-173,-662,-256,116,-267,456,92,-821,12072,46,326,-27,-118,-237,-853,-26,-212,91,99,-43,0
196,216,-352,92,-483,-589,-132,-32,-247,27,-117,-942,-1595,-209,-563,721,-188,-1023,45414,243,259,160,228,-613,-990,-261,-7,49,-39,103,0
-310,130,11,440,-145,-918,-537,-352,197,864,-107,-1504,-898,-142,-59,791,-90,-1245,14172,273,696,-136,-84,409,974,-28,-180,-206,10,-12,1
-415,98,269,-159,-193,-187,577,134,-63,100,-637,-254,-1737,-38,69,177,-63,85,22100,-511,131,-86,99,-148,-119,53,-124,144,-47,-40,0
-276,-514,392,-239,-382,189,-510,-170,-64,217,-259,-1321,-717,-620,217,-33,-78,17,70736,26,-63,46,-9,-64,-413,-199,-101,32,165,174,1
-202,-237,259,8,-217,-271,-477,-5,-116,482,365,-135,478,-103,354,-35,-10,333,57112,-411,505,165,111,-218,741,20,-345,-128,202,-113,1
-220,-214,0,145,-788,-479,1108,-352,118,318,-955,-149,-1079,348,469,8,-35,-138,22382,-535,-238,6,-153,194,828,-4,86,488,197,124,1
-42,-360,54,424,-187,-93,89,-438,345,-324,-801,559,-1577,28,-180,442,-239,-77,82987,-260,-263,-89,68,-456,1230,57,-68,-13,60,-203,0
-5,-55,-254,184,-491,-524,233,-170,-171,609,135,-1137,-843,-271,-391,443,-388,-114,51199,168,123,-52,102,-462,322,-131,-280,104,-184,-160,1
-318,-115,-125,147,-589,-666,-1112,-343,-9,-371,283,-733,-779,-557,43,-48,-226,-845,31560,-4,334,-344,97,217,-111,104,-269,58,70,-55,0
-183,-18,-57,-221,-346,78,390,-293,306,177,391,-303,374,-52,232,63,-234,-209,32607,353,492,18,-13,-323,540,-166,-138,-97,4,-2,1
-198,-217,136,262,-6,-779,671,61,-423,215,-255,-685,73,-223,-190,595,138,-881,-3677,101,209,-5,-199,-167,-590,-6,-135,111,129,-55,0
-192,-21,-73,165,-314,-555,320,-36,345,-46,-53,-536,-528,227,-8,625,-75,-378,13438,164,-81,-139,-125,-72,-322,56,-314,-71,61,-105,0
-285,-728,-194,-273,-474,-265,-720,-368,228,-273,323,-1451,-1211,-667,-246,263,-26,-505,49355,159,240,-380,-219,-285,174,121,-158,157,56,-141,0
88,-254,-219,356,-125,-461,-111,-191,199,-9,91,-911,-935,-46,270,389,-194,-121,602,195,37,-13,31,-256,-360,7,-158,-149,-81,-53,0
-320,-41,332,-69,-291,137,1223,-515,45,-570,63,-794,-851,410,426,-183,-86,-422,22015,-553,88,-427,84,600,96,79,-193,264,16,-101,0
-179,-42,142,113,-325,-520,1386,-400,17,246,-751,118,-1040,40,-2,-263,-177,164,16574,-102,-424,50,-174,-1390,1476,186,244,259,21,172,1
234,-304,98,398,-139,-190,-703,61,-87,88,388,-50,-292,-20,158,412,-162,58,19285,-11,171,-198,104,-366,-97,-205,-24,-100,-206,-96,0
-70,-125,179,132,-391,-546,587,-56,-68,1102,2,-141,-597,-798,38,550,-436,-493,29714,392,325,131,129,-467,1061,-36,-245,300,77,-112,0
-43,-59,-15,-166,-351,59,-613,-109,-14,-207,349,-625,-90,-124,159,-246,18,-61,39711,-489,19,-34,132,814,-818,-160,-28,2,76,135,1
-236,-322,625,559,167,-31,806,-428,181,88,-457,224,-2176,-331,136,207,-340,-311,27864,117,105,-114,-50,451,829,94,9,-124,-118,265,1
-237,-329,9,-81,-216,-579,-554,-502,13,-31,-1442,-1133,-1944,-207,187,227,-345,-21,30752,-276,255,-71,-27,-191,173,-328,-180,-58,55,-62,1
65,-241,-550,534,-472,-454,0,-450,119,299,116,-310,-81,-275,240,393,-117,-485,99552,-431,180,-205,-9,-936,342,127,-57,-43,-18,139,1
23,-150,-86,53,-193,-82,25,-241,-398,-147,-99,-587,-436,-313,129,-240,-196,157,39716,357,-16,-87,67,383,-304,-162,-58,18,109,-43,1
88,-230,-116,207,-485,-591,115,-401,246,-49,28,323,-212,1,501,369,56,-424,24733,248,-28,-95,57,-306,774,-93,-215,-119,51,35,0
9,-46,-443,502,-293,300,-344,18,372,657,29,-242,-511,-73,95,345,-138,82,40551,-645,78,-179,4,-407,-63,-179,-303,-102,-124,59,1
-161,-415,-369,29,-230,-463,206,-288,590,-761,-865,-890,-1323,-671,322,585,-55,-97,-9153,419,-233,-49,49,-829,860,-240,-84,47,93,-51,1